,Date,Year,Month,ISO_3,Precipitation,SPI
0,1901-01-31,1901,January,CAN,35.33,0.056159259056322505
1,1901-02-28,1901,February,CAN,28.57,0.0697897878695596
2,1901-03-31,1901,March,CAN,33.45,-0.5089183275852182
3,1901-04-30,1901,April,CAN,30.85,-0.30163872415070586
4,1901-05-31,1901,May,CAN,38.86,-0.0839544517620374
5,1901-06-30,1901,June,CAN,58.75,-0.7866099876551982
6,1901-07-31,1901,July,CAN,64.68,-0.08284529455219643
7,1901-08-31,1901,August,CAN,54.84,1.4481326844246325
8,1901-09-30,1901,September,CAN,56.97,-0.33890151598650725
9,1901-10-31,1901,October,CAN,45.68,0.6759558348888588
10,1901-11-30,1901,November,CAN,46.72,-0.47268968757945945
11,1901-12-31,1901,December,CAN,40.15,-0.3371276278191686
12,1902-01-31,1902,January,CAN,32.46,0.7531723359858509
13,1902-02-28,1902,February,CAN,32.79,-1.026367132522788
14,1902-03-31,1902,March,CAN,35.37,-1.0350247925191254
15,1902-04-30,1902,April,CAN,28.71,0.48036299022237416
16,1902-05-31,1902,May,CAN,45.61,-1.792646165608102
17,1902-06-30,1902,June,CAN,60.28,-1.1432632829813163
18,1902-07-31,1902,July,CAN,64.44,-0.024901475819158043
19,1902-08-31,1902,August,CAN,64.17,-0.5000541112132724
20,1902-09-30,1902,September,CAN,53.29,0.4063504324478503
21,1902-10-31,1902,October,CAN,43.85,1.0523499920065984
22,1902-11-30,1902,November,CAN,44.22,0.043049286244845934
23,1902-12-31,1902,December,CAN,40.39,-0.39840437759615316
24,1903-01-31,1903,January,CAN,35.28,0.06830234402025089
25,1903-02-28,1903,February,CAN,27.28,0.40487093178096434
26,1903-03-31,1903,March,CAN,34.06,-0.676066735715262
27,1903-04-30,1903,April,CAN,30.14,-0.04218955723253422
28,1903-05-31,1903,May,CAN,39.39,-0.21811839373809905
29,1903-06-30,1903,June,CAN,51.78,0.8381439132748942
30,1903-07-31,1903,July,CAN,68.07,-0.9013017341563293
31,1903-08-31,1903,August,CAN,66.73,-1.0346048289874463
32,1903-09-30,1903,September,CAN,58.05,-0.557616761722677
33,1903-10-31,1903,October,CAN,46.18,0.573115901250132
34,1903-11-30,1903,November,CAN,43.25,0.24315600808867618
35,1903-12-31,1903,December,CAN,36.22,0.6662791497789453
36,1904-01-31,1904,January,CAN,35.76,-0.048271271633467484
37,1904-02-29,1904,February,CAN,32.8,-1.0289646607701628
38,1904-03-31,1904,March,CAN,36.37,-1.3090385763388697
39,1904-04-30,1904,April,CAN,27.37,0.9700276151101904
40,1904-05-31,1904,May,CAN,37.02,0.38182225245674073
41,1904-06-30,1904,June,CAN,55.42,-0.010364580180706632
42,1904-07-31,1904,July,CAN,63.68,0.15858728350212276
43,1904-08-31,1904,August,CAN,57.89,0.8112656183264968
44,1904-09-30,1904,September,CAN,57.89,-0.525214503095097
45,1904-10-31,1904,October,CAN,46.06,0.5977974853234259
46,1904-11-30,1904,November,CAN,40.56,0.7980911439236282
47,1904-12-31,1904,December,CAN,37.42,0.3598954008940243
48,1905-01-31,1905,January,CAN,33.6,0.4763099988082678
49,1905-02-28,1905,February,CAN,26.64,0.5711127396129794
50,1905-03-31,1905,March,CAN,29.38,0.6063177725611415
51,1905-04-30,1905,April,CAN,26.32,1.353720045059599
52,1905-05-31,1905,May,CAN,42.85,-1.0939811092799339
53,1905-06-30,1905,June,CAN,57.74,-0.5511721913941665
54,1905-07-31,1905,July,CAN,61.87,0.5955802497804379
55,1905-08-31,1905,August,CAN,62.9,-0.23486684106749045
56,1905-09-30,1905,September,CAN,58.14,-0.575843032200692
57,1905-10-31,1905,October,CAN,47.45,0.3119024698077655
58,1905-11-30,1905,November,CAN,43.97,0.09462318362727647
59,1905-12-31,1905,December,CAN,37.1,0.4415977339300031
60,1906-01-31,1906,January,CAN,35.17,0.09501713094089471
61,1906-02-28,1906,February,CAN,26.16,0.6957940954869906
62,1906-03-31,1906,March,CAN,28.71,0.7899070077203696
63,1906-04-30,1906,April,CAN,27.14,1.054074528337204
64,1906-05-31,1906,May,CAN,40.8,-0.5750451072970539
65,1906-06-30,1906,June,CAN,62.1,-1.5675175297091168
66,1906-07-31,1906,July,CAN,56.82,1.8148147689547405
67,1906-08-31,1906,August,CAN,56.75,1.0493077348353086
68,1906-09-30,1906,September,CAN,55.31,-0.002728082725357504
69,1906-10-31,1906,October,CAN,52.99,-0.8275639949093268
70,1906-11-30,1906,November,CAN,48.95,-0.9327288522307406
71,1906-12-31,1906,December,CAN,42.85,-1.02649106281024
72,1907-01-31,1907,January,CAN,34.92,0.1557325557605401
73,1907-02-28,1907,February,CAN,28.23,0.15810574828031745
74,1907-03-31,1907,March,CAN,32.8,-0.33080936810238293
75,1907-04-30,1907,April,CAN,29.61,0.15148376455145326
76,1907-05-31,1907,May,CAN,34.09,1.123521026022514
77,1907-06-30,1907,June,CAN,53.62,0.40922753196766837
78,1907-07-31,1907,July,CAN,63.05,0.31068980767634335
79,1907-08-31,1907,August,CAN,68.39,-1.381227560044136
80,1907-09-30,1907,September,CAN,57.8,-0.5069882326170821
81,1907-10-31,1907,October,CAN,42.28,1.3752673836322005
82,1907-11-30,1907,November,CAN,40.79,0.7506431583317928
83,1907-12-31,1907,December,CAN,36.52,0.5896832125577142
84,1908-01-31,1908,January,CAN,32.09,0.8430311647189254
85,1908-02-29,1908,February,CAN,35.79,-1.8056256067353578
86,1908-03-31,1908,March,CAN,35.47,-1.0624261709011003
87,1908-04-30,1908,April,CAN,29.45,0.209951182448506
88,1908-05-31,1908,May,CAN,41.89,-0.8509671766440489
89,1908-06-30,1908,June,CAN,57.83,-0.5721517970015844
90,1908-07-31,1908,July,CAN,59.92,1.066373776986356
91,1908-08-31,1908,August,CAN,60.33,0.30177196544798834
92,1908-09-30,1908,September,CAN,48.54,1.3682924854541543
93,1908-10-31,1908,October,CAN,46.28,0.5525479145223864
94,1908-11-30,1908,November,CAN,41.03,0.7011322168446591
95,1908-12-31,1908,December,CAN,35.31,0.898620159350009
96,1909-01-31,1909,January,CAN,36.33,-0.18670244022225901
97,1909-02-28,1909,February,CAN,32.75,-1.0159770195332873
98,1909-03-31,1909,March,CAN,33.03,-0.3938325383809252
99,1909-04-30,1909,April,CAN,29.15,0.31957759100548006
100,1909-05-31,1909,May,CAN,39.97,-0.364939311372279
101,1909-06-30,1909,June,CAN,49.88,1.2810466983203999
102,1909-07-31,1909,July,CAN,69.82,-1.323808745751385
103,1909-08-31,1909,August,CAN,59.86,0.39991213628934025
104,1909-09-30,1909,September,CAN,54.06,0.25041456280261726
105,1909-10-31,1909,October,CAN,46.86,0.4332535915014637
106,1909-11-30,1909,November,CAN,47.18,-0.5675856587631318
107,1909-12-31,1909,December,CAN,38.57,0.06627764154597601
108,1910-01-31,1910,January,CAN,33.31,0.5467398915990562
109,1910-02-28,1910,February,CAN,32.31,-0.9016857766487778
110,1910-03-31,1910,March,CAN,29.97,0.4446496401074925
111,1910-04-30,1910,April,CAN,28.35,0.6119146804907425
112,1910-05-31,1910,May,CAN,39.08,-0.1396451446577607
113,1910-06-30,1910,June,CAN,53.03,0.5467605020607457
114,1910-07-31,1910,July,CAN,61.98,0.5690226661944631
115,1910-08-31,1910,August,CAN,61.72,0.011527630406542522
116,1910-09-30,1910,September,CAN,51.78,0.7121467482456434
117,1910-10-31,1910,October,CAN,50.54,-0.3236483200795651
118,1910-11-30,1910,November,CAN,45.73,-0.2684570539450341
119,1910-12-31,1910,December,CAN,37.78,0.2679802762285483
120,1911-01-31,1911,January,CAN,36.48,-0.2231316951140459
121,1911-02-28,1911,February,CAN,27.22,0.4204561012652163
122,1911-03-31,1911,March,CAN,28.98,0.7159232860890388
123,1911-04-30,1911,April,CAN,27.91,0.7727000797076379
124,1911-05-31,1911,May,CAN,39.95,-0.3598765211090324
125,1911-06-30,1911,June,CAN,59.22,-0.8961701502717178
126,1911-07-31,1911,July,CAN,62.81,0.3686336264093783
127,1911-08-31,1911,August,CAN,64.44,-0.5564325072285164
128,1911-09-30,1911,September,CAN,53.96,0.2706659744448555
129,1911-10-31,1911,October,CAN,42.43,1.3444154035405826
130,1911-11-30,1911,November,CAN,48.39,-0.8172033220940957
131,1911-12-31,1911,December,CAN,36.36,0.6305343790757044
132,1912-01-31,1912,January,CAN,30.53,1.2218954155935131
133,1912-02-29,1912,February,CAN,25.36,0.9035963552770094
134,1912-03-31,1912,March,CAN,25.33,1.7160735970311056
135,1912-04-30,1912,April,CAN,29.37,0.23918489139703172
136,1912-05-31,1912,May,CAN,40.61,-0.5269485997962023
137,1912-06-30,1912,June,CAN,49.26,1.4255728702826187
138,1912-07-31,1912,July,CAN,67.43,-0.7467848842015694
139,1912-08-31,1912,August,CAN,67.86,-1.2705588567549515
140,1912-09-30,1912,September,CAN,53.88,0.28686710375864555
141,1912-10-31,1912,October,CAN,46.49,0.5093551423941209
142,1912-11-30,1912,November,CAN,42.79,0.33805197927234854
143,1912-12-31,1912,December,CAN,38.36,0.1198947976008373
144,1913-01-31,1913,January,CAN,39.44,-0.9420023249786474
145,1913-02-28,1913,February,CAN,25.63,0.8334630925978782
146,1913-03-31,1913,March,CAN,35.32,-1.021324103328139
147,1913-04-30,1913,April,CAN,28.26,0.6448026030578347
148,1913-05-31,1913,May,CAN,36.31,0.5615513068020307
149,1913-06-30,1913,June,CAN,51.37,0.9337176721531358
150,1913-07-31,1913,July,CAN,65.53,-0.2880629858983649
151,1913-08-31,1913,August,CAN,64.02,-0.46873278009369074
152,1913-09-30,1913,September,CAN,54.17,0.22813800999615558
153,1913-10-31,1913,October,CAN,52.43,-0.7123832692339523
154,1913-11-30,1913,November,CAN,41.63,0.5773548631268255
155,1913-12-31,1913,December,CAN,31.83,1.787133031116279
156,1914-01-31,1914,January,CAN,37.82,-0.5485663721473459
157,1914-02-28,1914,February,CAN,27.33,0.39188329054408894
158,1914-03-31,1914,March,CAN,29.67,0.526853775253415
159,1914-04-30,1914,April,CAN,29.71,0.1149416283657948
160,1914-05-31,1914,May,CAN,35.6,0.7412803611473207
161,1914-06-30,1914,June,CAN,53.6,0.4138896665470938
162,1914-07-31,1914,July,CAN,58.54,1.3995507347013145
163,1914-08-31,1914,August,CAN,54.62,1.4940706367333516
164,1914-09-30,1914,September,CAN,54.03,0.25648998629528885
165,1914-10-31,1914,October,CAN,47.08,0.38800402070042417
166,1914-11-30,1914,November,CAN,47.15,-0.5613967910772399
167,1914-12-31,1914,December,CAN,29.08,2.489262455644221
168,1915-01-31,1915,January,CAN,29.6,1.4477567959225939
169,1915-02-28,1915,February,CAN,27.36,0.3840907058019629
170,1915-03-31,1915,March,CAN,23.03,2.346305299816516
171,1915-04-30,1915,April,CAN,27.25,1.0138781785329802
172,1915-05-31,1915,May,CAN,40.72,-0.554793946244064
173,1915-06-30,1915,June,CAN,55.9,-0.12225581008693898
174,1915-07-31,1915,July,CAN,61.82,0.6076518786831531
175,1915-08-31,1915,August,CAN,52.94,1.844869545272653
176,1915-09-30,1915,September,CAN,56.16,-0.17486508168437917
177,1915-10-31,1915,October,CAN,48.37,0.12267699191250934
178,1915-11-30,1915,November,CAN,42.02,0.49689958321023375
179,1915-12-31,1915,December,CAN,39.0,-0.04350986847112035
180,1916-01-31,1916,January,CAN,34.38,0.2868778733709739
181,1916-02-29,1916,February,CAN,29.0,-0.04190392676757532
182,1916-03-31,1916,March,CAN,33.82,-0.6103034275985229
183,1916-04-30,1916,April,CAN,26.69,1.2185141411726643
184,1916-05-31,1916,May,CAN,40.85,-0.587702082955174
185,1916-06-30,1916,June,CAN,53.48,0.44186247402365314
186,1916-07-31,1916,July,CAN,66.8,-0.5946823600273471
187,1916-08-31,1916,August,CAN,56.04,1.1975620354679897
188,1916-09-30,1916,September,CAN,54.49,0.16333349274099399
189,1916-10-31,1916,October,CAN,48.08,0.18232415342297068
190,1916-11-30,1916,November,CAN,37.14,1.5036220601152783
191,1916-12-31,1916,December,CAN,37.13,0.4339381402078798
192,1917-01-31,1917,January,CAN,35.49,0.01730138717174856
193,1917-02-28,1917,February,CAN,27.21,0.42305362951259107
194,1917-03-31,1917,March,CAN,30.62,0.26654068062465824
195,1917-04-30,1917,April,CAN,29.87,0.056474210468742056
196,1917-05-31,1917,May,CAN,32.56,1.5108244811609555
197,1917-06-30,1917,June,CAN,54.56,0.19010720673462747
198,1917-07-31,1917,July,CAN,60.66,0.8877136692261622
199,1917-08-31,1917,August,CAN,59.28,0.521021283285051
200,1917-09-30,1917,September,CAN,44.49,2.1884746569647917
201,1917-10-31,1917,October,CAN,55.36,-1.3150252803568911
202,1917-11-30,1917,November,CAN,37.21,1.4891813688481979
203,1917-12-31,1917,December,CAN,42.05,-0.8222352302202921
204,1918-01-31,1918,January,CAN,39.51,-0.9590026439281483
205,1918-02-28,1918,February,CAN,31.11,-0.5899823869637492
206,1918-03-31,1918,March,CAN,28.67,0.8008675590731592
207,1918-04-30,1918,April,CAN,24.29,2.0955254096284555
208,1918-05-31,1918,May,CAN,37.4,0.28562923745503754
209,1918-06-30,1918,June,CAN,52.22,0.7355769525275144
210,1918-07-31,1918,July,CAN,61.99,0.5666083404139187
211,1918-08-31,1918,August,CAN,64.25,-0.516758821143715
212,1918-09-30,1918,September,CAN,49.78,1.117174981090403
213,1918-10-31,1918,October,CAN,52.27,-0.6794744904695605
214,1918-11-30,1918,November,CAN,40.74,0.7609579378082784
215,1918-12-31,1918,December,CAN,37.82,0.2577674845990512
216,1919-01-31,1919,January,CAN,34.11,0.3524505321761917
217,1919-02-28,1919,February,CAN,26.46,0.6178682480657335
218,1919-03-31,1919,March,CAN,32.22,-0.1718813734869318
219,1919-04-30,1919,April,CAN,30.72,-0.2541339471093496
220,1919-05-31,1919,May,CAN,37.11,0.3590396962721275
221,1919-06-30,1919,June,CAN,50.22,1.2017904104701522
222,1919-07-31,1919,July,CAN,60.79,0.8563274340791004
223,1919-08-31,1919,August,CAN,59.77,0.41870493496108774
224,1919-09-30,1919,September,CAN,52.28,0.6108896900344535
225,1919-10-31,1919,October,CAN,49.14,-0.035696505891130506
226,1919-11-30,1919,November,CAN,47.27,-0.5861522618208075
227,1919-12-31,1919,December,CAN,33.56,1.3454297931405177
228,1920-01-31,1920,January,CAN,37.41,-0.44899307544312667
229,1920-02-29,1920,February,CAN,24.86,1.033472767645771
230,1920-03-31,1920,March,CAN,32.55,-0.2623059221474469
231,1920-04-30,1920,April,CAN,31.99,-0.7182190766672053
232,1920-05-31,1920,May,CAN,31.3,1.8297802677455546
233,1920-06-30,1920,June,CAN,50.4,1.159831199255315
234,1920-07-31,1920,July,CAN,59.68,1.1243175957193925
235,1920-08-31,1920,August,CAN,59.29,0.5189331945437461
236,1920-09-30,1920,September,CAN,56.67,-0.2781472810597939
237,1920-10-31,1920,October,CAN,48.76,0.042461843674302356
238,1920-11-30,1920,November,CAN,37.24,1.482992501162306
239,1920-12-31,1920,December,CAN,39.71,-0.2247869198946984
240,1921-01-31,1921,January,CAN,32.89,0.6487418052960608
241,1921-02-28,1921,February,CAN,29.34,-0.13021988717833316
242,1921-03-31,1921,March,CAN,32.36,-0.21024330322169613
243,1921-04-30,1921,April,CAN,30.84,-0.29798451053213953
244,1921-05-31,1921,May,CAN,34.5,1.019733825625939
245,1921-06-30,1921,June,CAN,49.76,1.3090195057969591
246,1921-07-31,1921,July,CAN,61.39,0.7114678872465096
247,1921-08-31,1921,August,CAN,61.5,0.05746558271526031
248,1921-09-30,1921,September,CAN,61.62,-1.280592157350573
249,1921-10-31,1921,October,CAN,46.05,0.5998542839962016
250,1921-11-30,1921,November,CAN,42.37,0.4246961268748322
251,1921-12-31,1921,December,CAN,33.62,1.330110605696273
252,1922-01-31,1922,January,CAN,29.6,1.4477567959225939
253,1922-02-28,1922,February,CAN,27.43,0.36590800807033624
254,1922-03-31,1922,March,CAN,28.14,0.9460948644976238
255,1922-04-30,1922,April,CAN,30.28,-0.09334854789245553
256,1922-05-31,1922,May,CAN,38.24,0.07299204639863752
257,1922-06-30,1922,June,CAN,49.65,1.334661245983804
258,1922-07-31,1922,July,CAN,58.01,1.527510001070103
259,1922-08-31,1922,August,CAN,58.1,0.767415754759084
260,1922-09-30,1922,September,CAN,50.46,0.9794653819231848
261,1922-10-31,1922,October,CAN,45.1,0.7952501579097815
262,1922-11-30,1922,November,CAN,39.19,1.0807161015793485
263,1922-12-31,1922,December,CAN,36.2,0.671385545593693
264,1923-01-31,1923,January,CAN,34.71,0.20673351260904244
265,1923-02-28,1923,February,CAN,26.29,0.6620262282711129
266,1923-03-31,1923,March,CAN,32.74,-0.3143685410731996
267,1923-04-30,1923,April,CAN,28.09,0.7069242345734538
268,1923-05-31,1923,May,CAN,35.95,0.6526815315404874
269,1923-06-30,1923,June,CAN,55.4,-0.005702445601279525
270,1923-07-31,1923,July,CAN,65.33,-0.2397764702875007
271,1923-08-31,1923,August,CAN,59.88,0.39573595880672885
272,1923-09-30,1923,September,CAN,47.06,1.6680133777592758
273,1923-10-31,1923,October,CAN,41.13,1.6117992310012716
274,1923-11-30,1923,November,CAN,38.55,1.2127452788783708
275,1923-12-31,1923,December,CAN,39.68,-0.2171273261725751
276,1924-01-31,1924,January,CAN,37.1,-0.37370594866676754
277,1924-02-29,1924,February,CAN,29.34,-0.13021988717833316
278,1924-03-31,1924,March,CAN,24.42,1.9654261403070719
279,1924-04-30,1924,April,CAN,31.77,-0.6378263770587582
280,1924-05-31,1924,May,CAN,32.61,1.4981675055028372
281,1924-06-30,1924,June,CAN,46.47,2.075940644112598
282,1924-07-31,1924,July,CAN,59.44,1.1822614144524293
283,1924-08-31,1924,August,CAN,66.29,-0.9427289243700107
284,1924-09-30,1924,September,CAN,54.74,0.11270496363539903
285,1924-10-31,1924,October,CAN,44.23,0.974191642441167
286,1924-11-30,1924,November,CAN,40.45,0.8207836587718976
287,1924-12-31,1924,December,CAN,36.87,0.5003212857996139
288,1925-01-31,1925,January,CAN,33.59,0.4787386158010531
289,1925-02-28,1925,February,CAN,31.09,-0.5847873304689988
290,1925-03-31,1925,March,CAN,34.06,-0.676066735715262
291,1925-04-30,1925,April,CAN,27.64,0.8713638474089141
292,1925-05-31,1925,May,CAN,30.66,1.9917895561694778
293,1925-06-30,1925,June,CAN,55.75,-0.08728980074124147
294,1925-07-31,1925,July,CAN,60.51,0.9239285559343094
295,1925-08-31,1925,August,CAN,58.22,0.7423586898634201
296,1925-09-30,1925,September,CAN,54.94,0.07220214035092394
297,1925-10-31,1925,October,CAN,46.62,0.48261675964805295
298,1925-11-30,1925,November,CAN,39.68,0.9796312627097843
299,1925-12-31,1925,December,CAN,38.35,0.12244799550821112
300,1926-01-31,1926,January,CAN,30.63,1.1976092456656555
301,1926-02-28,1926,February,CAN,29.18,-0.08865943522032942
302,1926-03-31,1926,March,CAN,26.61,1.3653359537418328
303,1926-04-30,1926,April,CAN,26.62,1.244093636502625
304,1926-05-31,1926,May,CAN,35.13,0.860255932333639
305,1926-06-30,1926,June,CAN,53.04,0.5444294347710329
306,1926-07-31,1926,July,CAN,57.31,1.6965128057081242
307,1926-08-31,1926,August,CAN,59.34,0.5084927508372183
308,1926-09-30,1926,September,CAN,53.97,0.2686408332806321
309,1926-10-31,1926,October,CAN,53.15,-0.8604727736737187
310,1926-11-30,1926,November,CAN,46.29,-0.38398258408167896
311,1926-12-31,1926,December,CAN,38.24,0.15053317248932865
312,1927-01-31,1927,January,CAN,29.68,1.4283278599803078
313,1927-02-28,1927,February,CAN,26.06,0.7217693779607433
314,1927-03-31,1927,March,CAN,27.58,1.0995425834366812
315,1927-04-30,1927,April,CAN,28.1,0.7032700209548873
316,1927-05-31,1927,May,CAN,43.93,-1.3673717834953039
317,1927-06-30,1927,June,CAN,51.07,1.003649690844531
318,1927-07-31,1927,July,CAN,65.38,-0.2518480991902159
319,1927-08-31,1927,August,CAN,58.37,0.71103735874384
320,1927-09-30,1927,September,CAN,57.36,-0.4178820213912355
321,1927-10-31,1927,October,CAN,50.96,-0.41003386433609595
322,1927-11-30,1927,November,CAN,49.27,-0.9987434408802518
323,1927-12-31,1927,December,CAN,39.41,-0.14819098267346725
324,1928-01-31,1928,January,CAN,35.57,-0.0021275487705375478
325,1928-02-29,1928,February,CAN,22.03,1.7685732616529612
326,1928-03-31,1928,March,CAN,31.96,-0.10063778969379887
327,1928-04-30,1928,April,CAN,30.11,-0.031226916376836424
328,1928-05-31,1928,May,CAN,34.22,1.0906128893114058
329,1928-06-30,1928,June,CAN,56.4,-0.23880917457259843
330,1928-07-31,1928,July,CAN,60.71,0.8756420403234453
331,1928-08-31,1928,August,CAN,57.86,0.8175298845504132
332,1928-09-30,1928,September,CAN,46.38,1.805722976926494
333,1928-10-31,1928,October,CAN,46.6,0.48673035699360123
334,1928-11-30,1928,November,CAN,33.98,2.155516123029201
335,1928-12-31,1928,December,CAN,32.14,1.7079838959876739
336,1929-01-31,1929,January,CAN,35.06,0.12173191786153854
337,1929-02-28,1929,February,CAN,21.71,1.8516941655689687
338,1929-03-31,1929,March,CAN,33.33,-0.47603667352684764
339,1929-04-30,1929,April,CAN,31.04,-0.37106878290345513
340,1929-05-31,1929,May,CAN,35.98,0.6450873461456175
341,1929-06-30,1929,June,CAN,49.76,1.3090195057969591
342,1929-07-31,1929,July,CAN,57.29,1.7013414572692114
343,1929-08-31,1929,August,CAN,53.11,1.8093720366704613
344,1929-09-30,1929,September,CAN,48.54,1.3682924854541543
345,1929-10-31,1929,October,CAN,46.28,0.5525479145223864
346,1929-11-30,1929,November,CAN,42.07,0.48658480373374824
347,1929-12-31,1929,December,CAN,39.72,-0.22734011780207225
348,1930-01-31,1930,January,CAN,27.92,1.8557644507106108
349,1930-02-28,1930,February,CAN,33.0,-1.0809152257176682
350,1930-03-31,1930,March,CAN,30.87,0.19803723466972223
351,1930-04-30,1930,April,CAN,28.61,0.5169051264080327
352,1930-05-31,1930,May,CAN,37.69,0.21221877863794755
353,1930-06-30,1930,June,CAN,59.19,-0.8891769484025779
354,1930-07-31,1930,July,CAN,63.3,0.250331663162764
355,1930-08-31,1930,August,CAN,52.24,1.9910357571640276
356,1930-09-30,1930,September,CAN,57.04,-0.3530775041360739
357,1930-10-31,1930,October,CAN,44.93,0.8302157353469489
358,1930-11-30,1930,November,CAN,39.51,1.0147015129298373
359,1930-12-31,1930,December,CAN,33.23,1.4296853240838723
360,1931-01-31,1931,January,CAN,33.59,0.4787386158010531
361,1931-02-28,1931,February,CAN,23.19,1.4672599849574344
362,1931-03-31,1931,March,CAN,33.05,-0.399312814057319
363,1931-04-30,1931,April,CAN,27.26,1.010223964914414
364,1931-05-31,1931,May,CAN,35.9,0.6653385071986074
365,1931-06-30,1931,June,CAN,54.95,0.09919558243581299
366,1931-07-31,1931,July,CAN,62.22,0.5110788474614264
367,1931-08-31,1931,August,CAN,55.55,1.2998783837919528
368,1931-09-30,1931,September,CAN,62.45,-1.4486788739811494
369,1931-10-31,1931,October,CAN,46.87,0.4311967928286896
370,1931-11-30,1931,November,CAN,40.46,0.8187207028766008
371,1931-12-31,1931,December,CAN,36.14,0.6867047330379396
372,1932-01-31,1932,January,CAN,39.02,-0.8400004112816445
373,1932-02-29,1932,February,CAN,33.56,-1.2263768075706818
374,1932-03-31,1932,March,CAN,35.45,-1.0569458952247064
375,1932-04-30,1932,April,CAN,32.17,-0.7839949218013907
376,1932-05-31,1932,May,CAN,32.09,1.6298000523472738
377,1932-06-30,1932,June,CAN,55.52,-0.03367525307783885
378,1932-07-31,1932,July,CAN,69.93,-1.3503663293373631
379,1932-08-31,1932,August,CAN,65.61,-0.8007388899612444
380,1932-09-30,1932,September,CAN,50.92,0.8863088883688899
381,1932-10-31,1932,October,CAN,54.35,-1.1072886144066634
382,1932-11-30,1932,November,CAN,50.49,-1.2504240601065126
383,1932-12-31,1932,December,CAN,34.38,1.1360675647358223
384,1933-01-31,1933,January,CAN,35.21,0.08530266296975167
385,1933-02-28,1933,February,CAN,30.16,-0.3432172034631023
386,1933-03-31,1933,March,CAN,32.63,-0.2842270248530279
387,1933-04-30,1933,April,CAN,29.96,0.023586287901649964
388,1933-05-31,1933,May,CAN,40.39,-0.471257906900479
389,1933-06-30,1933,June,CAN,50.03,1.2460806889747023
390,1933-07-31,1933,July,CAN,55.43,2.1504060524502417
391,1933-08-31,1933,August,CAN,52.26,1.9868595796814177
392,1933-09-30,1933,September,CAN,60.47,-1.0477009234648365
393,1933-10-31,1933,October,CAN,56.05,-1.4569443887783335
394,1933-11-30,1933,November,CAN,52.6,-1.6857077540142262
395,1933-12-31,1933,December,CAN,46.52,-1.9635146948166218
396,1934-01-31,1934,January,CAN,38.12,-0.6214248819309197
397,1934-02-28,1934,February,CAN,23.7,1.334786044341298
398,1934-03-31,1934,March,CAN,30.93,0.18159640764053792
399,1934-04-30,1934,April,CAN,30.31,-0.10431118874815204
400,1934-05-31,1934,May,CAN,34.17,1.1032698649695238
401,1934-06-30,1934,June,CAN,57.14,-0.4113081540113749
402,1934-07-31,1934,July,CAN,60.67,0.8852993434456178
403,1934-08-31,1934,August,CAN,54.88,1.4397803294594111
404,1934-09-30,1934,September,CAN,56.76,-0.2963735515378073
405,1934-10-31,1934,October,CAN,47.83,0.23374412024233407
406,1934-11-30,1934,November,CAN,46.87,-0.5036340260089175
407,1934-12-31,1934,December,CAN,37.61,0.31138464065391247
408,1935-01-31,1935,January,CAN,45.5,-2.413744222606852
409,1935-02-28,1935,February,CAN,21.54,1.8958521457743482
410,1935-03-31,1935,March,CAN,34.65,-0.83773486816891
411,1935-04-30,1935,April,CAN,25.56,1.6314402800705998
412,1935-05-31,1935,May,CAN,32.16,1.612080286425909
413,1935-06-30,1935,June,CAN,58.48,-0.7236711708329413
414,1935-07-31,1935,July,CAN,70.02,-1.372095261362249
415,1935-08-31,1935,August,CAN,61.07,0.14725339859139092
416,1935-09-30,1935,September,CAN,50.41,0.9895910877443046
417,1935-10-31,1935,October,CAN,47.48,0.30573207378944306
418,1935-11-30,1935,November,CAN,42.45,0.4081924797124533
419,1935-12-31,1935,December,CAN,33.53,1.353089386862641
420,1936-01-31,1936,January,CAN,36.93,-0.3324194597894083
421,1936-02-29,1936,February,CAN,27.08,0.4568214967284697
422,1936-03-31,1936,March,CAN,35.74,-1.136409892532432
423,1936-04-30,1936,April,CAN,28.14,0.6886531664806245
424,1936-05-31,1936,May,CAN,38.95,-0.10673700794665246
425,1936-06-30,1936,June,CAN,53.24,0.4978080889767685
426,1936-07-31,1936,July,CAN,64.12,0.0523569491582219
427,1936-08-31,1936,August,CAN,54.63,1.4919825479920452
428,1936-09-30,1936,September,CAN,57.74,-0.49483738563174035
429,1936-10-31,1936,October,CAN,46.09,0.5916270893051021
430,1936-11-30,1936,November,CAN,40.89,0.7300135993788204
431,1936-12-31,1936,December,CAN,41.59,-0.7047881264810743
432,1937-01-31,1937,January,CAN,34.94,0.15087532177496943
433,1937-02-28,1937,February,CAN,30.95,-0.5484219350057454
434,1937-03-31,1937,March,CAN,24.68,1.894182556513939
435,1937-04-30,1937,April,CAN,29.73,0.10763320112866337
436,1937-05-31,1937,May,CAN,37.91,0.15652808574222427
437,1937-06-30,1937,June,CAN,53.35,0.47216634878992353
438,1937-07-31,1937,July,CAN,58.57,1.392307757359685
439,1937-08-31,1937,August,CAN,65.68,-0.8153555111503835
440,1937-09-30,1937,September,CAN,51.66,0.7364484422163299
441,1937-10-31,1937,October,CAN,51.26,-0.47173782451933144
442,1937-11-30,1937,November,CAN,46.4,-0.4066750989299483
443,1937-12-31,1937,December,CAN,40.38,-0.39585117968877936
444,1938-01-31,1938,January,CAN,34.34,0.296592341342117
445,1938-02-28,1938,February,CAN,29.77,-0.2419136018154681
446,1938-03-31,1938,March,CAN,29.32,0.6227585995903259
447,1938-04-30,1938,April,CAN,29.87,0.056474210468742056
448,1938-05-31,1938,May,CAN,34.14,1.1108640503643956
449,1938-06-30,1938,June,CAN,49.73,1.316012707666099
450,1938-07-31,1938,July,CAN,60.77,0.8611560856401858
451,1938-08-31,1938,August,CAN,67.11,-1.113952201157049
452,1938-09-30,1938,September,CAN,48.41,1.3946193205890642
453,1938-10-31,1938,October,CAN,42.0,1.4328577464698877
454,1938-11-30,1938,November,CAN,43.06,0.2823521700993229
455,1938-12-31,1938,December,CAN,44.44,-1.4324495300827584
456,1939-01-31,1939,January,CAN,37.67,-0.5121371172555591
457,1939-02-28,1939,February,CAN,34.83,-1.5562628949873354
458,1939-03-31,1939,March,CAN,31.39,0.055550067083455376
459,1939-04-30,1939,April,CAN,28.88,0.4182413587067563
460,1939-05-31,1939,May,CAN,40.73,-0.5573253413756872
461,1939-06-30,1939,June,CAN,60.5,-1.1945467633550062
462,1939-07-31,1939,July,CAN,63.29,0.2527459889433067
463,1939-08-31,1939,August,CAN,59.75,0.42288111244369914
464,1939-09-30,1939,September,CAN,55.21,0.017523328916880763
465,1939-10-31,1939,October,CAN,56.42,-1.5330459396709923
466,1939-11-30,1939,November,CAN,39.18,1.0827790574746454
467,1939-12-31,1939,December,CAN,42.62,-0.9677675109406293
468,1940-01-31,1940,January,CAN,30.03,1.343326265232804
469,1940-02-29,1940,February,CAN,26.39,0.6360509457973602
470,1940-03-31,1940,March,CAN,36.26,-1.278897060118698
471,1940-04-30,1940,April,CAN,32.43,-0.8790044758841007
472,1940-05-31,1940,May,CAN,39.58,-0.26621490123895064
473,1940-06-30,1940,June,CAN,53.11,0.5281119637430406
474,1940-07-31,1940,July,CAN,56.53,1.8848302165904922
475,1940-08-31,1940,August,CAN,53.23,1.7843149717747975
476,1940-09-30,1940,September,CAN,49.38,1.1981806276593545
477,1940-10-31,1940,October,CAN,48.35,0.12679058925805758
478,1940-11-30,1940,November,CAN,49.9,-1.1287096622839758
479,1940-12-31,1940,December,CAN,37.59,0.3164910364686601
480,1941-01-31,1941,January,CAN,36.31,-0.18184520623668837
481,1941-02-28,1941,February,CAN,24.8,1.0490579371300222
482,1941-03-31,1941,March,CAN,26.93,1.2776515429195145
483,1941-04-30,1941,April,CAN,24.58,1.9895532146900479
484,1941-05-31,1941,May,CAN,43.32,-1.2129566804662522
485,1941-06-30,1941,June,CAN,53.12,0.5257808964533278
486,1941-07-31,1941,July,CAN,59.46,1.1774327628913421
487,1941-08-31,1941,August,CAN,62.07,-0.06155547553914554
488,1941-09-30,1941,September,CAN,65.04,-1.9731904355151137
489,1941-10-31,1941,October,CAN,49.96,-0.20435399705864243
490,1941-11-30,1941,November,CAN,45.29,-0.17768699455195683
491,1941-12-31,1941,December,CAN,37.3,0.39053377578251747
492,1942-01-31,1942,January,CAN,27.7,1.9091940245518992
493,1942-02-28,1942,February,CAN,27.52,0.3425302538439592
494,1942-03-31,1942,March,CAN,34.75,-0.8651362465508848
495,1942-04-30,1942,April,CAN,27.73,0.8384759248418221
496,1942-05-31,1942,May,CAN,37.82,0.17931064192683752
497,1942-06-30,1942,June,CAN,56.5,-0.26211984746973066
498,1942-07-31,1942,July,CAN,65.69,-0.3266921983870549
499,1942-08-31,1942,August,CAN,56.83,1.0326030249048659
500,1942-09-30,1942,September,CAN,53.34,0.3962247266267305
501,1942-10-31,1942,October,CAN,43.58,1.1078835561715115
502,1942-11-30,1942,November,CAN,45.81,-0.284960701107413
503,1942-12-31,1942,December,CAN,40.86,-0.5184046792427467
504,1943-01-31,1943,January,CAN,30.05,1.3384690312472325
505,1943-02-28,1943,February,CAN,29.35,-0.13281741542570882
506,1943-03-31,1943,March,CAN,33.11,-0.41575364108650426
507,1943-04-30,1943,April,CAN,26.44,1.309869481636809
508,1943-05-31,1943,May,CAN,38.67,-0.035857944261185784
509,1943-06-30,1943,June,CAN,54.95,0.09919558243581299
510,1943-07-31,1943,July,CAN,63.21,0.2720605951876517
511,1943-08-31,1943,August,CAN,65.39,-0.7548009376525266
512,1943-09-30,1943,September,CAN,46.71,1.738893318507109
513,1943-10-31,1943,October,CAN,44.47,0.9248284742945777
514,1943-11-30,1943,November,CAN,34.54,2.0399905928925564
515,1943-12-31,1943,December,CAN,29.82,2.30032581049852
516,1944-01-31,1944,January,CAN,26.34,2.23948593557077
517,1944-02-29,1944,February,CAN,28.23,0.15810574828031745
518,1944-03-31,1944,March,CAN,34.89,-0.9034981762856491
519,1944-04-30,1944,April,CAN,22.22,2.851947628671575
520,1944-05-31,1944,May,CAN,37.26,0.32106876929777084
521,1944-06-30,1944,June,CAN,58.61,-0.7539750455992134
522,1944-07-31,1944,July,CAN,64.75,-0.099745575015997
523,1944-08-31,1944,August,CAN,60.92,0.1785747297109711
524,1944-09-30,1944,September,CAN,54.58,0.14510722226298053
525,1944-10-31,1944,October,CAN,42.76,1.2765410473390233
526,1944-11-30,1944,November,CAN,45.28,-0.17562403865666001
527,1944-12-31,1944,December,CAN,32.25,1.6798987190065564
528,1945-01-31,1945,January,CAN,35.35,0.051302025070750115
529,1945-02-28,1945,February,CAN,28.42,0.10875271158018772
530,1945-03-31,1945,March,CAN,30.45,0.31312302387401525
531,1945-04-30,1945,April,CAN,33.41,-1.2371174105035472
532,1945-05-31,1945,May,CAN,36.36,0.5488943311439124
533,1945-06-30,1945,June,CAN,50.64,1.103885584302198
534,1945-07-31,1945,July,CAN,57.69,1.6047684260474848
535,1945-08-31,1945,August,CAN,50.79,2.293808624653306
536,1945-09-30,1945,September,CAN,62.0,-1.3575475215910777
537,1945-10-31,1945,October,CAN,48.47,0.1021090051847637
538,1945-11-30,1945,November,CAN,48.91,-0.9244770286495505
539,1945-12-31,1945,December,CAN,35.31,0.898620159350009
540,1946-01-31,1946,January,CAN,37.45,-0.45870754341427145
541,1946-02-28,1946,February,CAN,32.42,-0.9302585873699052
542,1946-03-31,1946,March,CAN,28.06,0.9680159672032039
543,1946-04-30,1946,April,CAN,29.63,0.14417533731432183
544,1946-05-31,1946,May,CAN,33.87,1.179211718918239
545,1946-06-30,1946,June,CAN,47.85,1.7542533581321775
546,1946-07-31,1946,July,CAN,60.49,0.9287572074953949
547,1946-08-31,1946,August,CAN,55.56,1.2977902950506464
548,1946-09-30,1946,September,CAN,53.16,0.4326772675827602
549,1946-10-31,1946,October,CAN,47.25,0.35303844326325673
550,1946-11-30,1946,November,CAN,41.53,0.5979844220797981
551,1946-12-31,1946,December,CAN,43.31,-1.1439381665494597
552,1947-01-31,1947,January,CAN,38.05,-0.604424562981419
553,1947-02-28,1947,February,CAN,34.88,-1.5692505362242126
554,1947-03-31,1947,March,CAN,26.77,1.3214937483306737
555,1947-04-30,1947,April,CAN,30.64,-0.22490023816082388
556,1947-05-31,1947,May,CAN,39.11,-0.14723933005263237
557,1947-06-30,1947,June,CAN,56.36,-0.22948490541374586
558,1947-07-31,1947,July,CAN,58.47,1.4164510151651168
559,1947-08-31,1947,August,CAN,64.3,-0.5271992648502412
560,1947-09-30,1947,September,CAN,57.03,-0.3510523629718505
561,1947-10-31,1947,October,CAN,42.55,1.3197338194672887
562,1947-11-30,1947,November,CAN,41.43,0.6186139810327705
563,1947-12-31,1947,December,CAN,40.05,-0.3115956487454249
564,1948-01-31,1948,January,CAN,29.91,1.372469669146234
565,1948-02-29,1948,February,CAN,33.43,-1.192608940354803
566,1948-03-31,1948,March,CAN,30.11,0.4062877103727282
567,1948-04-30,1948,April,CAN,35.4,-1.964305920598141
568,1948-05-31,1948,May,CAN,37.4,0.28562923745503754
569,1948-06-30,1948,June,CAN,46.43,2.0852649132714505
570,1948-07-31,1948,July,CAN,71.97,-1.8428887885681688
571,1948-08-31,1948,August,CAN,62.15,-0.0782601854695881
572,1948-09-30,1948,September,CAN,46.51,1.7793961417915856
573,1948-10-31,1948,October,CAN,37.69,2.3193379744357125
574,1948-11-30,1948,November,CAN,49.22,-0.9884286614037648
575,1948-12-31,1948,December,CAN,36.02,0.717343107926431
576,1949-01-31,1949,January,CAN,35.96,-0.09684361148918448
577,1949-02-28,1949,February,CAN,30.47,-0.4237405791317342
578,1949-03-31,1949,March,CAN,30.66,0.25558012927186874
579,1949-04-30,1949,April,CAN,27.83,0.8019337886561649
580,1949-05-31,1949,May,CAN,35.15,0.8551931420703924
581,1949-06-30,1949,June,CAN,54.6,0.18078293757577493
582,1949-07-31,1949,July,CAN,61.11,0.7790690091017187
583,1949-08-31,1949,August,CAN,59.71,0.4312334674089204
584,1949-09-30,1949,September,CAN,50.82,0.9065603000111282
585,1949-10-31,1949,October,CAN,46.75,0.4558783769019835
586,1949-11-30,1949,November,CAN,45.6,-0.24163862730617117
587,1949-12-31,1949,December,CAN,42.24,-0.8707459904604057
588,1950-01-31,1950,January,CAN,35.78,-0.053128505619039874
589,1950-02-28,1950,February,CAN,33.31,-1.161438601386301
590,1950-03-31,1950,March,CAN,29.98,0.44190950226929465
591,1950-04-30,1950,April,CAN,30.8,-0.28336765605787667
592,1950-05-31,1950,May,CAN,32.09,1.6298000523472738
593,1950-06-30,1950,June,CAN,54.06,0.30666057122028695
594,1950-07-31,1950,July,CAN,63.5,0.2020451475518998
595,1950-08-31,1950,August,CAN,57.19,0.9574318302178729
596,1950-09-30,1950,September,CAN,40.4,3.016757393132326
597,1950-10-31,1950,October,CAN,51.95,-0.6136569329407753
598,1950-11-30,1950,November,CAN,59.18,-3.0431327331197977
599,1950-12-31,1950,December,CAN,43.77,-1.2613852702886794
600,1951-01-31,1951,January,CAN,35.74,-0.04341403764789682
601,1951-02-28,1951,February,CAN,33.67,-1.2549496182918092
602,1951-03-31,1951,March,CAN,36.3,-1.2898576114714875
603,1951-04-30,1951,April,CAN,32.33,-0.8424623396984422
604,1951-05-31,1951,May,CAN,39.43,-0.22824397426459403
605,1951-06-30,1951,June,CAN,50.77,1.073581709535926
606,1951-07-31,1951,July,CAN,62.27,0.49900721855870955
607,1951-08-31,1951,August,CAN,59.59,0.4562905323045842
608,1951-09-30,1951,September,CAN,51.41,0.7870769713219248
609,1951-10-31,1951,October,CAN,54.02,-1.0394142582051042
610,1951-11-30,1951,November,CAN,46.11,-0.34684937796632903
611,1951-12-31,1951,December,CAN,37.74,0.2781930678580455
612,1952-01-31,1952,January,CAN,42.28,-1.6317295509298197
613,1952-02-29,1952,February,CAN,31.51,-0.693883516858759
614,1952-03-31,1952,March,CAN,32.3,-0.19380247619251087
615,1952-04-30,1952,April,CAN,27.22,1.0248408193886782
616,1952-05-31,1952,May,CAN,34.38,1.0501105672054238
617,1952-06-30,1952,June,CAN,60.93,-1.2947826568126732
618,1952-07-31,1952,July,CAN,66.8,-0.5946823600273471
619,1952-08-31,1952,August,CAN,67.71,-1.2392375256353698
620,1952-09-30,1952,September,CAN,49.35,1.2042560511520262
621,1952-10-31,1952,October,CAN,37.77,2.3028835850535154
622,1952-11-30,1952,November,CAN,34.76,1.9946055631960176
623,1952-12-31,1952,December,CAN,33.27,1.4194725324543733
624,1953-01-31,1953,January,CAN,43.83,-2.0081651848116207
625,1953-02-28,1953,February,CAN,29.49,-0.16918281088896128
626,1953-03-31,1953,March,CAN,36.56,-1.3611011952646224
627,1953-04-30,1953,April,CAN,33.02,-1.0946030793794836
628,1953-05-31,1953,May,CAN,35.94,0.6552129266721125
629,1953-06-30,1953,June,CAN,57.15,-0.4136392213010876
630,1953-07-31,1953,July,CAN,64.31,0.0064847593279021305
631,1953-08-31,1953,August,CAN,57.97,0.7945609083960543
632,1953-09-30,1953,September,CAN,57.43,-0.43205800954080215
633,1953-10-31,1953,October,CAN,38.35,2.1835892620325925
634,1953-11-30,1953,November,CAN,40.38,0.8352243500389782
635,1953-12-31,1953,December,CAN,44.42,-1.4273431342680107
636,1954-01-31,1954,January,CAN,37.98,-0.5874242440319182
637,1954-02-28,1954,February,CAN,35.34,-1.6887368356034735
638,1954-03-31,1954,March,CAN,31.34,0.06925075627444277
639,1954-04-30,1954,April,CAN,34.68,-1.7012025400614041
640,1954-05-31,1954,May,CAN,40.13,-0.40544163347826073
641,1954-06-30,1954,June,CAN,56.99,-0.37634214466567734
642,1954-07-31,1954,July,CAN,62.23,0.5086645216808837
643,1954-08-31,1954,August,CAN,65.8,-0.8404125760460459
644,1954-09-30,1954,September,CAN,58.9,-0.7297537606817002
645,1954-10-31,1954,October,CAN,44.57,0.9042604875668321
646,1954-11-30,1954,November,CAN,45.28,-0.17562403865666001
647,1954-12-31,1954,December,CAN,41.7,-0.7328733034621917
648,1955-01-31,1955,January,CAN,35.43,0.031873089128464004
649,1955-02-28,1955,February,CAN,28.87,-0.008136059551697552
650,1955-03-31,1955,March,CAN,39.23,-2.0927179980633377
651,1955-04-30,1955,April,CAN,29.46,0.20629696882993964
652,1955-05-31,1955,May,CAN,38.15,0.09577460258325257
653,1955-06-30,1955,June,CAN,44.86,2.4512424777564212
654,1955-07-31,1955,July,CAN,64.9,-0.135960461724146
655,1955-08-31,1955,August,CAN,54.67,1.483630193026824
656,1955-09-30,1955,September,CAN,50.44,0.983515664251633
657,1955-10-31,1955,October,CAN,50.96,-0.41003386433609595
658,1955-11-30,1955,November,CAN,47.89,-0.7140555273292347
659,1955-12-31,1955,December,CAN,38.38,0.11478840178608782
660,1956-01-31,1956,January,CAN,37.95,-0.5801383930535622
661,1956-02-29,1956,February,CAN,34.22,-1.3978136718974463
662,1956-03-31,1956,March,CAN,29.88,0.46931088065126947
663,1956-04-30,1956,April,CAN,24.09,2.1686096819997713
664,1956-05-31,1956,May,CAN,33.36,1.3083128706310523
665,1956-06-30,1956,June,CAN,58.54,-0.7376575745712209
666,1956-07-31,1956,July,CAN,61.31,0.7307824934908546
667,1956-08-31,1956,August,CAN,60.45,0.276714900552323
668,1956-09-30,1956,September,CAN,49.43,1.1880549218382361
669,1956-10-31,1956,October,CAN,43.41,1.142849133608679
670,1956-11-30,1956,November,CAN,42.15,0.47008115657137084
671,1956-12-31,1956,December,CAN,43.78,-1.2639384681960533
672,1957-01-31,1957,January,CAN,25.87,2.353630934231703
673,1957-02-28,1957,February,CAN,29.39,-0.1432075284152095
674,1957-03-31,1957,March,CAN,28.2,0.9296540374684396
675,1957-04-30,1957,April,CAN,27.72,0.8421301384603884
676,1957-05-31,1957,May,CAN,30.88,1.9360988632737546
677,1957-06-30,1957,June,CAN,58.29,-0.6793808923283913
678,1957-07-31,1957,July,CAN,68.42,-0.9858031364753425
679,1957-08-31,1957,August,CAN,56.67,1.066012444765751
680,1957-09-30,1957,September,CAN,52.56,0.5541857374361869
681,1957-10-31,1957,October,CAN,40.23,1.796911111550981
682,1957-11-30,1957,November,CAN,48.87,-0.9162252050683618
683,1957-12-31,1957,December,CAN,46.86,-2.050323423667348
684,1958-01-31,1958,January,CAN,39.03,-0.8424290282744299
685,1958-02-28,1958,February,CAN,35.03,-1.6082134599348408
686,1958-03-31,1958,March,CAN,24.47,1.9517254511160853
687,1958-04-30,1958,April,CAN,31.07,-0.38203142375915294
688,1958-05-31,1958,May,CAN,33.45,1.2855303144464372
689,1958-06-30,1958,June,CAN,49.33,1.4092553992546262
690,1958-07-31,1958,July,CAN,56.64,1.8582726330045174
691,1958-08-31,1958,August,CAN,64.86,-0.6441322343633421
692,1958-09-30,1958,September,CAN,59.93,-0.9383433005967516
693,1958-10-31,1958,October,CAN,43.69,1.0852587707709918
694,1958-11-30,1958,November,CAN,48.3,-0.7986367190364201
695,1958-12-31,1958,December,CAN,41.25,-0.6179793976303459
696,1959-01-31,1959,January,CAN,39.52,-0.9614312609209352
697,1959-02-28,1959,February,CAN,24.88,1.0282777111510206
698,1959-03-31,1959,March,CAN,31.22,0.10213241033281235
699,1959-04-30,1959,April,CAN,28.21,0.6630736711506638
700,1959-05-31,1959,May,CAN,38.3,0.05780367560889594
701,1959-06-30,1959,June,CAN,56.29,-0.21316743438575347
702,1959-07-31,1959,July,CAN,59.08,1.2691771425519833
703,1959-08-31,1959,August,CAN,70.11,-1.7403788235486586
704,1959-09-30,1959,September,CAN,59.99,-0.9504941475820948
705,1959-10-31,1959,October,CAN,57.62,-1.7798617804039356
706,1959-11-30,1959,November,CAN,53.68,-1.9085069907063257
707,1959-12-31,1959,December,CAN,37.62,0.3088314427465387
708,1960-01-31,1960,January,CAN,33.74,0.44230936090926626
709,1960-02-29,1960,February,CAN,36.67,-2.034208092504379
710,1960-03-31,1960,March,CAN,29.22,0.6501599779723006
711,1960-04-30,1960,April,CAN,30.64,-0.22490023816082388
712,1960-05-31,1960,May,CAN,41.07,-0.6433927758508973
713,1960-06-30,1960,June,CAN,54.31,0.2483838889774572
714,1960-07-31,1960,July,CAN,58.97,1.2957347261379581
715,1960-08-31,1960,August,CAN,65.05,-0.6838059204481436
716,1960-09-30,1960,September,CAN,49.53,1.1678035101959978
717,1960-10-31,1960,October,CAN,49.72,-0.15499082891205318
718,1960-11-30,1960,November,CAN,43.63,0.16476368406738123
719,1960-12-31,1960,December,CAN,35.73,0.7913858472402883
720,1961-01-31,1961,January,CAN,30.48,1.2340385005574424
721,1961-02-28,1961,February,CAN,34.64,-1.5069098582872065
722,1961-03-31,1961,March,CAN,32.08,-0.13351944375216745
723,1961-04-30,1961,April,CAN,29.5,0.19168011435567678
724,1961-05-31,1961,May,CAN,36.91,0.4096675989046042
725,1961-06-30,1961,June,CAN,49.99,1.255404958133555
726,1961-07-31,1961,July,CAN,58.89,1.3150493323823031
727,1961-08-31,1961,August,CAN,52.48,1.9409216273727
728,1961-09-30,1961,September,CAN,56.65,-0.2740969987313457
729,1961-10-31,1961,October,CAN,53.94,-1.0229598688229067
730,1961-11-30,1961,November,CAN,42.03,0.49483662731493694
731,1961-12-31,1961,December,CAN,42.08,-0.8298948239424153
732,1962-01-31,1962,January,CAN,42.7,-1.7337314646268245
733,1962-02-28,1962,February,CAN,25.99,0.73995207569237
734,1962-03-31,1962,March,CAN,27.43,1.1406446510096424
735,1962-04-30,1962,April,CAN,31.49,-0.5355083957389156
736,1962-05-31,1962,May,CAN,38.35,0.045146699950775866
737,1962-06-30,1962,June,CAN,54.25,0.26237029271573686
738,1962-07-31,1962,July,CAN,68.37,-0.9737315075726273
739,1962-08-31,1962,August,CAN,66.58,-1.0032834978678646
740,1962-09-30,1962,September,CAN,51.65,0.7384735833805532
741,1962-10-31,1962,October,CAN,44.68,0.8816357021663123
742,1962-11-30,1962,November,CAN,43.88,0.1131897866849507
743,1962-12-31,1962,December,CAN,44.05,-1.3328748116951592
744,1963-01-31,1963,January,CAN,35.67,-0.026413718698396045
745,1963-02-28,1963,February,CAN,34.45,-1.4575568215870776
746,1963-03-31,1963,March,CAN,30.7,0.24461957791907918
747,1963-04-30,1963,April,CAN,31.71,-0.6159010953473639
748,1963-05-31,1963,May,CAN,32.98,1.4045058856327572
749,1963-06-30,1963,June,CAN,55.0,0.0875402459872477
750,1963-07-31,1963,July,CAN,72.96,-2.081907040841942
751,1963-08-31,1963,August,CAN,61.12,0.1368129548848647
752,1963-09-30,1963,September,CAN,53.29,0.4063504324478503
753,1963-10-31,1963,October,CAN,40.76,1.6879007818939304
754,1963-11-30,1963,November,CAN,53.67,-1.906444034811029
755,1963-12-31,1963,December,CAN,38.38,0.11478840178608782
756,1964-01-31,1964,January,CAN,39.8,-1.0294325367189368
757,1964-02-29,1964,February,CAN,29.02,-0.047098983262325665
758,1964-03-31,1964,March,CAN,33.46,-0.5116584654234151
759,1964-04-30,1964,April,CAN,30.81,-0.2870218696764417
760,1964-05-31,1964,May,CAN,42.26,-0.9446287965141288
761,1964-06-30,1964,June,CAN,56.46,-0.25279557831087807
762,1964-07-31,1964,July,CAN,64.24,0.023385039791706138
763,1964-08-31,1964,August,CAN,67.86,-1.2705588567549515
764,1964-09-30,1964,September,CAN,56.83,-0.310549539687374
765,1964-10-31,1964,October,CAN,41.98,1.4369713438154375
766,1964-11-30,1964,November,CAN,42.28,0.4432627299325064
767,1964-12-31,1964,December,CAN,40.3,-0.3754255964297833
768,1965-01-31,1965,January,CAN,39.35,-0.920144772043576
769,1965-02-28,1965,February,CAN,39.9,-2.873209716406578
770,1965-03-31,1965,March,CAN,20.78,2.9628363134109406
771,1965-04-30,1965,April,CAN,25.11,1.7958798929060604
772,1965-05-31,1965,May,CAN,41.99,-0.8762811279602872
773,1965-06-30,1965,June,CAN,54.13,0.29034310019229453
774,1965-07-31,1965,July,CAN,62.53,0.43623474826458747
775,1965-08-31,1965,August,CAN,64.68,-0.6065466370198471
776,1965-09-30,1965,September,CAN,55.24,0.01144790542420914
777,1965-10-31,1965,October,CAN,51.13,-0.4449994417732634
778,1965-11-30,1965,November,CAN,46.75,-0.47887855526535134
779,1965-12-31,1965,December,CAN,36.54,0.5845768167429665
780,1966-01-31,1966,January,CAN,38.2,-0.6408538178732076
781,1966-02-28,1966,February,CAN,23.53,1.3789440245466764
782,1966-03-31,1966,March,CAN,34.66,-0.8404750060071069
783,1966-04-30,1966,April,CAN,26.5,1.2879441999254149
784,1966-05-31,1966,May,CAN,34.93,0.9108838349661157
785,1966-06-30,1966,June,CAN,52.21,0.7379080198172272
786,1966-07-31,1966,July,CAN,67.49,-0.7612708388848256
787,1966-08-31,1966,August,CAN,66.98,-1.0868070475200804
788,1966-09-30,1966,September,CAN,48.01,1.4756249671580157
789,1966-10-31,1966,October,CAN,55.47,-1.3376500657574109
790,1966-11-30,1966,November,CAN,53.32,-1.834240578475626
791,1966-12-31,1966,December,CAN,41.77,-0.7507456888138122
792,1967-01-31,1967,January,CAN,39.61,-0.9832888138560067
793,1967-02-28,1967,February,CAN,31.79,-0.7666143077852648
794,1967-03-31,1967,March,CAN,30.63,0.26380054278646137
795,1967-04-30,1967,April,CAN,26.41,1.320832122492507
796,1967-05-31,1967,May,CAN,34.16,1.105801260101149
797,1967-06-30,1967,June,CAN,44.86,2.4512424777564212
798,1967-07-31,1967,July,CAN,64.7,-0.08767394611328182
799,1967-08-31,1967,August,CAN,54.62,1.4940706367333516
800,1967-09-30,1967,September,CAN,52.75,0.5157080553159352
801,1967-10-31,1967,October,CAN,57.5,-1.7551801963306417
802,1967-11-30,1967,November,CAN,42.56,0.385499964864184
803,1967-12-31,1967,December,CAN,43.54,-1.2026617184190687
804,1968-01-31,1968,January,CAN,38.22,-0.6457110518587782
805,1968-02-29,1968,February,CAN,27.72,0.2905796888964547
806,1968-03-31,1968,March,CAN,33.43,-0.5034380519088224
807,1968-04-30,1968,April,CAN,30.95,-0.338180860336363
808,1968-05-31,1968,May,CAN,31.98,1.6576453987951363
809,1968-06-30,1968,June,CAN,54.27,0.25770815813630976
810,1968-07-31,1968,July,CAN,66.28,-0.469137419439103
811,1968-08-31,1968,August,CAN,62.2,-0.0887006291761158
812,1968-09-30,1968,September,CAN,58.37,-0.6224212789778387
813,1968-10-31,1968,October,CAN,58.83,-2.0287344198096546
814,1968-11-30,1968,November,CAN,40.9,0.7279506434835236
815,1968-12-31,1968,December,CAN,44.34,-1.4069175510090166
816,1969-01-31,1969,January,CAN,39.02,-0.8400004112816445
817,1969-02-28,1969,February,CAN,23.57,1.3685539115571757
818,1969-03-31,1969,March,CAN,25.11,1.776356629471449
819,1969-04-30,1969,April,CAN,29.51,0.18802590073711042
820,1969-05-31,1969,May,CAN,36.68,0.4678896869319508
821,1969-06-30,1969,June,CAN,49.17,1.4465524758900363
822,1969-07-31,1969,July,CAN,62.78,0.3758766037510081
823,1969-08-31,1969,August,CAN,67.55,-1.2058281057744846
824,1969-09-30,1969,September,CAN,58.55,-0.658873819933867
825,1969-10-31,1969,October,CAN,42.28,1.3752673836322005
826,1969-11-30,1969,November,CAN,50.69,-1.291683178012456
827,1969-12-31,1969,December,CAN,40.34,-0.38563838805928224
828,1970-01-31,1970,January,CAN,29.32,1.515758071720597
829,1970-02-28,1970,February,CAN,26.45,0.6204657763131091
830,1970-03-31,1970,March,CAN,28.97,0.7186634239272367
831,1970-04-30,1970,April,CAN,29.34,0.2501475322527295
832,1970-05-31,1970,May,CAN,40.63,-0.5320113900594506
833,1970-06-30,1970,June,CAN,56.23,-0.1991810306474738
834,1970-07-31,1970,July,CAN,63.35,0.2382600342600471
835,1970-08-31,1970,August,CAN,59.33,0.5105808395785247
836,1970-09-30,1970,September,CAN,59.17,-0.7844325721157434
837,1970-10-31,1970,October,CAN,49.32,-0.07271888200107207
838,1970-11-30,1970,November,CAN,40.4,0.8310984382483846
839,1970-12-31,1970,December,CAN,39.08,-0.0639354517301146
840,1971-01-31,1971,January,CAN,43.06,-1.8211616763671137
841,1971-02-28,1971,February,CAN,31.66,-0.7328464405693871
842,1971-03-31,1971,March,CAN,34.77,-0.8706165222272806
843,1971-04-30,1971,April,CAN,29.59,0.1587921917885847
844,1971-05-31,1971,May,CAN,33.23,1.3412210073421622
845,1971-06-30,1971,June,CAN,56.78,-0.3273897315817002
846,1971-07-31,1971,July,CAN,65.85,-0.3653214108757448
847,1971-08-31,1971,August,CAN,59.83,0.40617640251325654
848,1971-09-30,1971,September,CAN,58.67,-0.6831755139045534
849,1971-10-31,1971,October,CAN,52.08,-0.6403953156868434
850,1971-11-30,1971,November,CAN,47.09,-0.5490190557054576
851,1971-12-31,1971,December,CAN,42.49,-0.934575938144764
852,1972-01-31,1972,January,CAN,36.9,-0.3251336088110506
853,1972-02-29,1972,February,CAN,37.64,-2.286168332499776
854,1972-03-31,1972,March,CAN,42.1,-2.8791375576260045
855,1972-04-30,1972,April,CAN,27.35,0.9773360423473219
856,1972-05-31,1972,May,CAN,33.9,1.1716175335233674
857,1972-06-30,1972,June,CAN,59.08,-0.8635352082157329
858,1972-07-31,1972,July,CAN,63.48,0.20687379911298692
859,1972-08-31,1972,August,CAN,60.58,0.24956974691535422
860,1972-09-30,1972,September,CAN,60.21,-0.9950472531950182
861,1972-10-31,1972,October,CAN,47.4,0.322186463171639
862,1972-11-30,1972,November,CAN,37.59,1.410789044826903
863,1972-12-31,1972,December,CAN,42.35,-0.8988311674415232
864,1973-01-31,1973,January,CAN,33.86,0.4131659569958371
865,1973-02-28,1973,February,CAN,29.3,-0.11982977418883246
866,1973-03-31,1973,March,CAN,29.54,0.5624755671499825
867,1973-04-30,1973,April,CAN,33.2,-1.160378924513668
868,1973-05-31,1973,May,CAN,37.22,0.3311943498242658
869,1973-06-30,1973,June,CAN,60.91,-1.2901205222332461
870,1973-07-31,1973,July,CAN,62.69,0.3976055357758975
871,1973-08-31,1973,August,CAN,69.38,-1.587948345433366
872,1973-09-30,1973,September,CAN,54.41,0.17953462205478546
873,1973-10-31,1973,October,CAN,48.53,0.08976821314811602
874,1973-11-30,1973,November,CAN,49.8,-1.1080801033310033
875,1973-12-31,1973,December,CAN,44.74,-1.5090454673039897
876,1974-01-31,1974,January,CAN,42.34,-1.6463012528865353
877,1974-02-28,1974,February,CAN,31.2,-0.6133601411901263
878,1974-03-31,1974,March,CAN,37.17,-1.5282496033946662
879,1974-04-30,1974,April,CAN,34.35,-1.5806134906487337
880,1974-05-31,1974,May,CAN,46.14,-1.9268101075841637
881,1974-06-30,1974,June,CAN,51.84,0.8241575095366146
882,1974-07-31,1974,July,CAN,67.95,-0.8723298247898136
883,1974-08-31,1974,August,CAN,65.88,-0.8571172859764884
884,1974-09-30,1974,September,CAN,51.78,0.7121467482456434
885,1974-10-31,1974,October,CAN,48.83,0.02806425296488055
886,1974-11-30,1974,November,CAN,39.35,1.0477088072545921
887,1974-12-31,1974,December,CAN,41.02,-0.559255845760737
888,1975-01-31,1975,January,CAN,37.75,-0.5315660531978452
889,1975-02-28,1975,February,CAN,25.06,0.9815222026982665
890,1975-03-31,1975,March,CAN,33.6,-0.5500203951581795
891,1975-04-30,1975,April,CAN,32.13,-0.7693780673271279
892,1975-05-31,1975,May,CAN,34.6,0.9944198743097007
893,1975-06-30,1975,June,CAN,57.25,-0.4369498941982198
894,1975-07-31,1975,July,CAN,65.43,-0.2639197280929345
895,1975-08-31,1975,August,CAN,67.28,-1.1494497097592407
896,1975-09-30,1975,September,CAN,49.45,1.1840046395097878
897,1975-10-31,1975,October,CAN,49.67,-0.1447068355481811
898,1975-11-30,1975,November,CAN,50.94,-1.3432570753948867
899,1975-12-31,1975,December,CAN,45.02,-1.5805350087104713
900,1976-01-31,1976,January,CAN,39.73,-1.0124322177694358
901,1976-02-29,1976,February,CAN,33.89,-1.312095239734064
902,1976-03-31,1976,March,CAN,36.51,-1.347400506073634
903,1976-04-30,1976,April,CAN,30.43,-0.1481617521709419
904,1976-05-31,1976,May,CAN,41.8,-0.8281846204594339
905,1976-06-30,1976,June,CAN,60.31,-1.1502564848504562
906,1976-07-31,1976,July,CAN,66.89,-0.6164112920522365
907,1976-08-31,1976,August,CAN,66.28,-0.9406408356287043
908,1976-09-30,1976,September,CAN,47.38,1.6032088605041142
909,1976-10-31,1976,October,CAN,45.37,0.7397165937448699
910,1976-11-30,1976,November,CAN,32.92,2.3741894479307057
911,1976-12-31,1976,December,CAN,45.15,-1.6137265815063366
912,1977-01-31,1977,January,CAN,36.29,-0.17698797225111598
913,1977-02-28,1977,February,CAN,29.27,-0.11203718944670647
914,1977-03-31,1977,March,CAN,33.7,-0.5774217735401542
915,1977-04-30,1977,April,CAN,27.29,0.9992613240587175
916,1977-05-31,1977,May,CAN,48.46,-2.514093778120885
917,1977-06-30,1977,June,CAN,53.65,0.40223433009852855
918,1977-07-31,1977,July,CAN,68.69,-1.0509899325500072
919,1977-08-31,1977,August,CAN,60.6,0.24539356943274282
920,1977-09-30,1977,September,CAN,56.05,-0.15258852887791752
921,1977-10-31,1977,October,CAN,47.67,0.2666528990067259
922,1977-11-30,1977,November,CAN,48.92,-0.9265399845448488
923,1977-12-31,1977,December,CAN,39.97,-0.29117006548643065
924,1978-01-31,1978,January,CAN,34.82,0.1800187256883986
925,1978-02-28,1978,February,CAN,18.7,2.633550168028914
926,1978-03-31,1978,March,CAN,28.6,0.8200485239405413
927,1978-04-30,1978,April,CAN,32.07,-0.7474527856157323
928,1978-05-31,1978,May,CAN,41.2,-0.6763009125620073
929,1978-06-30,1978,June,CAN,54.37,0.2343974852391792
930,1978-07-31,1978,July,CAN,65.83,-0.36049275931465946
931,1978-08-31,1978,August,CAN,71.37,-2.0034780049531355
932,1978-09-30,1978,September,CAN,58.58,-0.6649492434265386
933,1978-10-31,1978,October,CAN,47.71,0.25842570431562795
934,1978-11-30,1978,November,CAN,42.89,0.317422420319376
935,1978-12-31,1978,December,CAN,37.81,0.26032068250642504
936,1979-01-31,1979,January,CAN,31.59,0.964462014358217
937,1979-02-28,1979,February,CAN,31.85,-0.7821994772695169
938,1979-03-31,1979,March,CAN,37.82,-1.7063585628774995
939,1979-04-30,1979,April,CAN,34.12,-1.496566577421719
940,1979-05-31,1979,May,CAN,46.21,-1.9445298735055303
941,1979-06-30,1979,June,CAN,54.53,0.19710040860376732
942,1979-07-31,1979,July,CAN,64.91,-0.13837478750468699
943,1979-08-31,1979,August,CAN,62.29,-0.10749342784786332
944,1979-09-30,1979,September,CAN,58.5,-0.6487481141127486
945,1979-10-31,1979,October,CAN,52.13,-0.6506793090507169
946,1979-11-30,1979,November,CAN,36.77,1.579951428241275
947,1979-12-31,1979,December,CAN,41.61,-0.7098945222958218
948,1980-01-31,1980,January,CAN,34.97,0.14358947079661172
949,1980-02-29,1980,February,CAN,23.61,1.358163798567675
950,1980-03-31,1980,March,CAN,32.1,-0.1389997194285632
951,1980-04-30,1980,April,CAN,29.37,0.23918489139703172
952,1980-05-31,1980,May,CAN,38.15,0.09577460258325257
953,1980-06-30,1980,June,CAN,56.67,-0.30174799139485525
954,1980-07-31,1980,July,CAN,68.92,-1.1065194255025013
955,1980-08-31,1980,August,CAN,71.58,-2.0473278685205467
956,1980-09-30,1980,September,CAN,67.86,-2.5442802438262233
957,1980-10-31,1980,October,CAN,47.66,0.2687096976795015
958,1980-11-30,1980,November,CAN,43.98,0.09256022773197965
959,1980-12-31,1980,December,CAN,49.69,-2.7728784314542847
960,1981-01-31,1981,January,CAN,28.21,1.7853345579198223
961,1981-02-28,1981,February,CAN,32.06,-0.836747570464397
962,1981-03-31,1981,March,CAN,27.62,1.0885820320838908
963,1981-04-30,1981,April,CAN,39.58,-3.4917672131586426
964,1981-05-31,1981,May,CAN,41.44,-0.7370543957209772
965,1981-06-30,1981,June,CAN,64.64,-2.1596086212962664
966,1981-07-31,1981,July,CAN,61.18,0.7621687286379164
967,1981-08-31,1981,August,CAN,54.78,1.460661216872465
968,1981-09-30,1981,September,CAN,60.65,-1.0841534644208648
969,1981-10-31,1981,October,CAN,60.61,-2.394844583563522
970,1981-11-30,1981,November,CAN,41.79,0.5443475688020707
971,1981-12-31,1981,December,CAN,37.35,0.3777677862456447
972,1982-01-31,1982,January,CAN,47.72,-2.9528971950053027
973,1982-02-28,1982,February,CAN,29.88,-0.2704864125365955
974,1982-03-31,1982,March,CAN,32.69,-0.30066785188221123
975,1982-04-30,1982,April,CAN,32.95,-1.069023584049523
976,1982-05-31,1982,May,CAN,38.28,0.06286646587214254
977,1982-06-30,1982,June,CAN,52.33,0.7099352123406696
978,1982-07-31,1982,July,CAN,70.09,-1.3889955418260531
979,1982-08-31,1982,August,CAN,66.01,-0.8842624396134602
980,1982-09-30,1982,September,CAN,61.7,-1.2967932866643646
981,1982-10-31,1982,October,CAN,48.71,0.052745837038174447
982,1982-11-30,1982,November,CAN,41.41,0.6227398928233656
983,1982-12-31,1982,December,CAN,38.63,0.050958454101729424
984,1983-01-31,1983,January,CAN,35.33,0.056159259056322505
985,1983-02-28,1983,February,CAN,28.77,0.01783922292205514
986,1983-03-31,1983,March,CAN,36.69,-1.396722987161188
987,1983-04-30,1983,April,CAN,35.15,-1.872950580133996
988,1983-05-31,1983,May,CAN,42.14,-0.9142520549346439
989,1983-06-30,1983,June,CAN,55.55,-0.040668454946977024
990,1983-07-31,1983,July,CAN,72.99,-2.0891500181835716
991,1983-08-31,1983,August,CAN,55.63,1.2831736738615087
992,1983-09-30,1983,September,CAN,62.43,-1.444628591652701
993,1983-10-31,1983,October,CAN,46.42,0.5237527331035428
994,1983-11-30,1983,November,CAN,51.19,-1.3948309727773172
995,1983-12-31,1983,December,CAN,35.41,0.8730881802762671
996,1984-01-31,1984,January,CAN,35.73,-0.04098542065510977
997,1984-02-29,1984,February,CAN,31.77,-0.7614192512905146
998,1984-03-31,1984,March,CAN,29.64,0.5350741887680076
999,1984-04-30,1984,April,CAN,28.73,0.47305456298524273
1000,1984-05-31,1984,May,CAN,48.92,-2.6305379541755802
1001,1984-06-30,1984,June,CAN,66.52,-2.597849271762345
1002,1984-07-31,1984,July,CAN,64.04,0.07167155540256688
1003,1984-08-31,1984,August,CAN,62.86,-0.22651448610226915
1004,1984-09-30,1984,September,CAN,56.5,-0.243719881267989
1005,1984-10-31,1984,October,CAN,54.0,-1.0353006608595545
1006,1984-11-30,1984,November,CAN,44.13,0.06161588930252016
1007,1984-12-31,1984,December,CAN,40.1,-0.32436163828229764
1008,1985-01-31,1985,January,CAN,29.9,1.3748982861390202
1009,1985-02-28,1985,February,CAN,32.62,-0.9822091523174087
1010,1985-03-31,1985,March,CAN,27.93,1.0036377590997703
1011,1985-04-30,1985,April,CAN,31.52,-0.5464710365946134
1012,1985-05-31,1985,May,CAN,39.97,-0.364939311372279
1013,1985-06-30,1985,June,CAN,52.26,0.7262526833686619
1014,1985-07-31,1985,July,CAN,63.2,0.27447492096819437
1015,1985-08-31,1985,August,CAN,67.75,-1.2475898806005925
1016,1985-09-30,1985,September,CAN,62.76,-1.5114582500720861
1017,1985-10-31,1985,October,CAN,51.96,-0.6157137316135495
1018,1985-11-30,1985,November,CAN,40.19,0.8744205120496265
1019,1985-12-31,1985,December,CAN,31.31,1.9198993222997442
1020,1986-01-31,1986,January,CAN,40.26,-1.1411489183870844
1021,1986-02-28,1986,February,CAN,25.53,0.85943837507163
1022,1986-03-31,1986,March,CAN,34.4,-0.769231422213974
1023,1986-04-30,1986,April,CAN,36.59,-2.3991573412074723
1024,1986-05-31,1986,May,CAN,41.0,-0.6256730099295306
1025,1986-06-30,1986,June,CAN,55.71,-0.0779655315823889
1026,1986-07-31,1986,July,CAN,71.53,-1.7366584542242696
1027,1986-08-31,1986,August,CAN,62.03,-0.053203120573924255
1028,1986-09-30,1986,September,CAN,62.59,-1.4770308502802827
1029,1986-10-31,1986,October,CAN,43.96,1.0297252066060787
1030,1986-11-30,1986,November,CAN,45.34,-0.1880017740284438
1031,1986-12-31,1986,December,CAN,31.45,1.8841545515965035
1032,1987-01-31,1987,January,CAN,31.24,1.049463609105721
1033,1987-02-28,1987,February,CAN,26.33,0.6516361152816121
1034,1987-03-31,1987,March,CAN,29.7,0.5186333617388234
1035,1987-04-30,1987,April,CAN,28.15,0.6849989528620595
1036,1987-05-31,1987,May,CAN,38.66,-0.03332654912956069
1037,1987-06-30,1987,June,CAN,54.65,0.16912760112720965
1038,1987-07-31,1987,July,CAN,70.15,-1.4034814965093128
1039,1987-08-31,1987,August,CAN,67.37,-1.1682425084309898
1040,1987-09-30,1987,September,CAN,51.26,0.8174540887852815
1041,1987-10-31,1987,October,CAN,43.95,1.0317820052788527
1042,1987-11-30,1987,November,CAN,43.31,0.23077827271689239
1043,1987-12-31,1987,December,CAN,36.0,0.7224495037411804
1044,1988-01-31,1988,January,CAN,31.26,1.0446063751201484
1045,1988-02-29,1988,February,CAN,31.33,-0.647128008406004
1046,1988-03-31,1988,March,CAN,33.86,-0.6212639789513124
1047,1988-04-30,1988,April,CAN,30.55,-0.1920123155937318
1048,1988-05-31,1988,May,CAN,41.09,-0.6484555661141457
1049,1988-06-30,1988,June,CAN,58.81,-0.8005963913934778
1050,1988-07-31,1988,July,CAN,66.92,-0.6236542693938663
1051,1988-08-31,1988,August,CAN,70.8,-1.8844569466987282
1052,1988-09-30,1988,September,CAN,58.16,-0.5798933145291387
1053,1988-10-31,1988,October,CAN,49.37,-0.08300287536494416
1054,1988-11-30,1988,November,CAN,51.78,-1.516545370599854
1055,1988-12-31,1988,December,CAN,33.71,1.307131824529903
1056,1989-01-31,1989,January,CAN,37.46,-0.4611361604070568
1057,1989-02-28,1989,February,CAN,19.07,2.53744162287603
1058,1989-03-31,1989,March,CAN,29.09,0.6857817698688671
1059,1989-04-30,1989,April,CAN,24.12,2.1576470411440734
1060,1989-05-31,1989,May,CAN,45.07,-1.655950828500417
1061,1989-06-30,1989,June,CAN,55.93,-0.1292490119560788
1062,1989-07-31,1989,July,CAN,60.49,0.9287572074953949
1063,1989-08-31,1989,August,CAN,63.47,-0.3538878993218963
1064,1989-09-30,1989,September,CAN,53.65,0.3334453505357937
1065,1989-10-31,1989,October,CAN,47.61,0.27899369104337357
1066,1989-11-30,1989,November,CAN,56.61,-2.512953068028412
1067,1989-12-31,1989,December,CAN,36.98,0.4722361088184963
1068,1990-01-31,1990,January,CAN,39.18,-0.8788582831662167
1069,1990-02-28,1990,February,CAN,28.27,0.14771563529081674
1070,1990-03-31,1990,March,CAN,26.6,1.3680760915800296
1071,1990-04-30,1990,April,CAN,32.1,-0.7584154264714301
1072,1990-05-31,1990,May,CAN,41.3,-0.7016148638782439
1073,1990-06-30,1990,June,CAN,61.3,-1.3810321465320607
1074,1990-07-31,1990,July,CAN,61.92,0.583508620877721
1075,1990-08-31,1990,August,CAN,58.16,0.7548872223112528
1076,1990-09-30,1990,September,CAN,52.06,0.6554427956473768
1077,1990-10-31,1990,October,CAN,57.63,-1.7819185790767111
1078,1990-11-30,1990,November,CAN,50.99,-1.3535718548713735
1079,1990-12-31,1990,December,CAN,48.66,-2.509899046994728
1080,1991-01-31,1991,January,CAN,29.37,1.5036149867566677
1081,1991-02-28,1991,February,CAN,27.26,0.4100659882757147
1082,1991-03-31,1991,March,CAN,33.58,-0.5445401194817837
1083,1991-04-30,1991,April,CAN,29.72,0.11128741474722974
1084,1991-05-31,1991,May,CAN,41.45,-0.7395857908526023
1085,1991-06-30,1991,June,CAN,56.52,-0.26678198204915776
1086,1991-07-31,1991,July,CAN,64.22,0.028213691352791524
1087,1991-08-31,1991,August,CAN,65.39,-0.7548009376525266
1088,1991-09-30,1991,September,CAN,60.65,-1.0841534644208648
1089,1991-10-31,1991,October,CAN,57.07,-1.6667378534013368
1090,1991-11-30,1991,November,CAN,48.4,-0.8192662779893926
1091,1991-12-31,1991,December,CAN,38.93,-0.025637483119499926
1092,1992-01-31,1992,January,CAN,39.76,-1.0197180687477936
1093,1992-02-29,1992,February,CAN,27.03,0.4698091379653451
1094,1992-03-31,1992,March,CAN,28.56,0.8310090752933318
1095,1992-04-30,1992,April,CAN,33.64,-1.321164323730562
1096,1992-05-31,1992,May,CAN,34.97,0.9007582544396207
1097,1992-06-30,1992,June,CAN,53.52,0.43253820486479894
1098,1992-07-31,1992,July,CAN,67.04,-0.6526261787603855
1099,1992-08-31,1992,August,CAN,61.78,-0.00100090204129014
1100,1992-09-30,1992,September,CAN,67.39,-2.449098609107705
1101,1992-10-31,1992,October,CAN,46.54,0.4990711490302489
1102,1992-11-30,1992,November,CAN,43.76,0.1379452574285183
1103,1992-12-31,1992,December,CAN,34.91,1.0007480756449838
1104,1993-01-31,1993,January,CAN,29.71,1.42104200900195
1105,1993-02-28,1993,February,CAN,23.16,1.4750525696995602
1106,1993-03-31,1993,March,CAN,26.44,1.4119182969911888
1107,1993-04-30,1993,April,CAN,32.71,-0.9813224572039433
1108,1993-05-31,1993,May,CAN,42.74,-1.0661357628320722
1109,1993-06-30,1993,June,CAN,62.51,-1.6630912885873568
1110,1993-07-31,1993,July,CAN,78.99,-3.5377454865094764
1111,1993-08-31,1993,August,CAN,66.23,-0.930200391922178
1112,1993-09-30,1993,September,CAN,55.75,-0.09183429395120415
1113,1993-10-31,1993,October,CAN,49.06,-0.019242116508934575
1114,1993-11-30,1993,November,CAN,40.74,0.7609579378082784
1115,1993-12-31,1993,December,CAN,39.54,-0.18138255546933427
1116,1994-01-31,1994,January,CAN,38.71,-0.7647132845052836
1117,1994-02-28,1994,February,CAN,27.95,0.23083653920682426
1118,1994-03-31,1994,March,CAN,32.3,-0.19380247619251087
1119,1994-04-30,1994,April,CAN,30.91,-0.32356400586210016
1120,1994-05-31,1994,May,CAN,42.22,-0.9345032159876339
1121,1994-06-30,1994,June,CAN,59.16,-0.8821837465334381
1122,1994-07-31,1994,July,CAN,66.82,-0.5995110115884325
1123,1994-08-31,1994,August,CAN,59.87,0.3978240475480353
1124,1994-09-30,1994,September,CAN,56.53,-0.2497953047606606
1125,1994-10-31,1994,October,CAN,48.11,0.17615375740464684
1126,1994-11-30,1994,November,CAN,49.75,-1.0977653238545177
1127,1994-12-31,1994,December,CAN,34.67,1.0620248254219666
1128,1995-01-31,1995,January,CAN,33.3,0.5491685085918433
1129,1995-02-28,1995,February,CAN,28.54,0.07758237261168559
1130,1995-03-31,1995,March,CAN,34.18,-0.7089483897736306
1131,1995-04-30,1995,April,CAN,29.4,0.22822225054133524
1132,1995-05-31,1995,May,CAN,32.02,1.6475198182686404
1133,1995-06-30,1995,June,CAN,50.59,1.1155409207507632
1134,1995-07-31,1995,July,CAN,69.66,-1.285179533262695
1135,1995-08-31,1995,August,CAN,67.35,-1.1640663309483767
1136,1995-09-30,1995,September,CAN,47.48,1.5829574488618774
1137,1995-10-31,1995,October,CAN,57.11,-1.6749650480924347
1138,1995-11-30,1995,November,CAN,54.88,-2.156061698141993
1139,1995-12-31,1995,December,CAN,37.07,0.4492573276521264
1140,1996-01-31,1996,January,CAN,38.05,-0.604424562981419
1141,1996-02-29,1996,February,CAN,35.43,-1.7121145898298495
1142,1996-03-31,1996,March,CAN,30.4,0.32682371306500263
1143,1996-04-30,1996,April,CAN,36.16,-2.2420261556091403
1144,1996-05-31,1996,May,CAN,39.23,-0.17761607163211732
1145,1996-06-30,1996,June,CAN,54.61,0.1784518702860622
1146,1996-07-31,1996,July,CAN,67.6,-0.7878284224708004
1147,1996-08-31,1996,August,CAN,60.54,0.2579221018805755
1148,1996-09-30,1996,September,CAN,60.19,-0.9909969708665699
1149,1996-10-31,1996,October,CAN,51.45,-0.5108169993020486
1150,1996-11-30,1996,November,CAN,45.67,-0.2560793185732518
1151,1996-12-31,1996,December,CAN,45.59,-1.7260672894308084
1152,1997-01-31,1997,January,CAN,40.55,-1.2115788111778727
1153,1997-02-28,1997,February,CAN,26.65,0.5685152113656047
1154,1997-03-31,1997,March,CAN,37.43,-1.599493187187799
1155,1997-04-30,1997,April,CAN,29.78,0.08936213303583414
1156,1997-05-31,1997,May,CAN,42.38,-0.9750055380936156
1157,1997-06-30,1997,June,CAN,63.97,-2.0034271128854826
1158,1997-07-31,1997,July,CAN,71.24,-1.666643006588516
1159,1997-08-31,1997,August,CAN,60.22,0.32474094160234723
1160,1997-09-30,1997,September,CAN,62.41,-1.4405783093242528
1161,1997-10-31,1997,October,CAN,52.17,-0.6589065037418148
1162,1997-11-30,1997,November,CAN,36.57,1.6212105461472202
1163,1997-12-31,1997,December,CAN,33.05,1.4756428864166102
1164,1998-01-31,1998,January,CAN,38.96,-0.8254287093249291
1165,1998-02-28,1998,February,CAN,26.59,0.5841003808498557
1166,1998-03-31,1998,March,CAN,31.86,-0.07323641131182407
1167,1998-04-30,1998,April,CAN,29.06,0.35246551357257216
1168,1998-05-31,1998,May,CAN,39.09,-0.1421765397893858
1169,1998-06-30,1998,June,CAN,61.65,-1.4626195016720227
1170,1998-07-31,1998,July,CAN,66.03,-0.40877927492552363
1171,1998-08-31,1998,August,CAN,58.61,0.6609232289525108
1172,1998-09-30,1998,September,CAN,53.9,0.28281682143019876
1173,1998-10-31,1998,October,CAN,55.81,-1.4075812206317457
1174,1998-11-30,1998,November,CAN,41.76,0.5505364364879626
1175,1998-12-31,1998,December,CAN,39.9,-0.2732976801348102
1176,1999-01-31,1999,January,CAN,43.07,-1.823590293359899
1177,1999-02-28,1999,February,CAN,33.64,-1.2471570335496833
1178,1999-03-31,1999,March,CAN,34.77,-0.8706165222272806
1179,1999-04-30,1999,April,CAN,28.48,0.5644099034493876
1180,1999-05-31,1999,May,CAN,46.26,-1.9571868491636486
1181,1999-06-30,1999,June,CAN,60.23,-1.1316079465327493
1182,1999-07-31,1999,July,CAN,70.0,-1.3672666098011637
1183,1999-08-31,1999,August,CAN,62.13,-0.0740840079869782
1184,1999-09-30,1999,September,CAN,59.22,-0.7945582779368617
1185,1999-10-31,1999,October,CAN,50.09,-0.23109237980471192
1186,1999-11-30,1999,November,CAN,44.76,-0.06835033210120385
1187,1999-12-31,1999,December,CAN,38.85,-0.005211899860505675
1188,2000-01-31,2000,January,CAN,35.13,0.10473159891203777
1189,2000-02-29,2000,February,CAN,24.87,1.0308752393983953
1190,2000-03-31,2000,March,CAN,31.25,0.09391199681821971
1191,2000-04-30,2000,April,CAN,30.35,-0.1189280432224162
1192,2000-05-31,2000,May,CAN,43.67,-1.3015555100730856
1193,2000-06-30,2000,June,CAN,57.47,-0.4882333745719097
1194,2000-07-31,2000,July,CAN,67.53,-0.7709281420069998
1195,2000-08-31,2000,August,CAN,69.22,-1.5545389255724809
1196,2000-09-30,2000,September,CAN,56.66,-0.27612213989556905
1197,2000-10-31,2000,October,CAN,45.17,0.7808525672003597
1198,2000-11-30,2000,November,CAN,38.42,1.2395637055172337
1199,2000-12-31,2000,December,CAN,38.62,0.053511652009105064
1200,2001-01-31,2001,January,CAN,26.45,2.212771148650126
1201,2001-02-28,2001,February,CAN,26.66,0.565917683118229
1202,2001-03-31,2001,March,CAN,30.28,0.3597053671233712
1203,2001-04-30,2001,April,CAN,28.31,0.6265315349650067
1204,2001-05-31,2001,May,CAN,43.07,-1.1496718021756571
1205,2001-06-30,2001,June,CAN,58.46,-0.7190090362535159
1206,2001-07-31,2001,July,CAN,67.03,-0.6502118529798411
1207,2001-08-31,2001,August,CAN,62.71,-0.195193154982689
1208,2001-09-30,2001,September,CAN,54.05,0.25243970396684207
1209,2001-10-31,2001,October,CAN,55.17,-1.2759461055741754
1210,2001-11-30,2001,November,CAN,44.3,0.026545639082468514
1211,2001-12-31,2001,December,CAN,37.86,0.24755469296955407
1212,2002-01-31,2002,January,CAN,28.69,1.6687609422661032
1213,2002-02-28,2002,February,CAN,28.56,0.07238731611693523
1214,2002-03-31,2002,March,CAN,33.36,-0.48425708704144027
1215,2002-04-30,2002,April,CAN,31.56,-0.5610878910688762
1216,2002-05-31,2002,May,CAN,38.36,0.04261530481915257
1217,2002-06-30,2002,June,CAN,56.2,-0.19218782877833562
1218,2002-07-31,2002,July,CAN,67.96,-0.8747441505703545
1219,2002-08-31,2002,August,CAN,64.68,-0.6065466370198471
1220,2002-09-30,2002,September,CAN,58.13,-0.5738178910364685
1221,2002-10-31,2002,October,CAN,44.3,0.9597940517317451
1222,2002-11-30,2002,November,CAN,40.63,0.7836504526565476
1223,2002-12-31,2002,December,CAN,34.92,0.9981948777376083
1224,2003-01-31,2003,January,CAN,32.34,0.78231573989928
1225,2003-02-28,2003,February,CAN,26.01,0.7347570191976187
1226,2003-03-31,2003,March,CAN,36.47,-1.3364399547208445
1227,2003-04-30,2003,April,CAN,30.9,-0.3199097922435338
1228,2003-05-31,2003,May,CAN,37.18,0.3413199303507608
1229,2003-06-30,2003,June,CAN,54.45,0.21574894692147242
1230,2003-07-31,2003,July,CAN,64.02,0.0765002069636557
1231,2003-08-31,2003,August,CAN,59.03,0.5732235018176851
1232,2003-09-30,2003,September,CAN,58.23,-0.5940693026787054
1233,2003-10-31,2003,October,CAN,58.33,-1.9258944861709277
1234,2003-11-30,2003,November,CAN,44.58,-0.03121712598585392
1235,2003-12-31,2003,December,CAN,38.88,-0.012871493582628974
1236,2004-01-31,2004,January,CAN,35.9,-0.08227190953246903
1237,2004-02-29,2004,February,CAN,23.29,1.4412847024836826
1238,2004-03-31,2004,March,CAN,32.28,-0.18832220051611706
1239,2004-04-30,2004,April,CAN,30.72,-0.2541339471093496
1240,2004-05-31,2004,May,CAN,45.05,-1.6508880382371687
1241,2004-06-30,2004,June,CAN,48.75,1.5444573020579908
1242,2004-07-31,2004,July,CAN,65.13,-0.19148995467663654
1243,2004-08-31,2004,August,CAN,65.36,-0.7485366714286104
1244,2004-09-30,2004,September,CAN,59.03,-0.7560805958166101
1245,2004-10-31,2004,October,CAN,49.45,-0.09945726474714156
1246,2004-11-30,2004,November,CAN,43.63,0.16476368406738123
1247,2004-12-31,2004,December,CAN,44.05,-1.3328748116951592
1248,2005-01-31,2005,January,CAN,37.83,-0.5509949891401313
1249,2005-02-28,2005,February,CAN,27.48,0.3529203668334599
1250,2005-03-31,2005,March,CAN,32.87,-0.3499903329697651
1251,2005-04-30,2005,April,CAN,31.75,-0.6305179498216268
1252,2005-05-31,2005,May,CAN,38.47,0.014769958371290921
1253,2005-06-30,2005,June,CAN,60.3,-1.1479254175607418
1254,2005-07-31,2005,July,CAN,68.22,-0.9375166208644783
1255,2005-08-31,2005,August,CAN,69.24,-1.5587151030550908
1256,2005-09-30,2005,September,CAN,63.12,-1.5843633319841426
1257,2005-10-31,2005,October,CAN,57.09,-1.6708514507468866
1258,2005-11-30,2005,November,CAN,51.44,-1.4464048701597478
1259,2005-12-31,2005,December,CAN,38.56,0.06883083945334985
1260,2006-01-31,2006,January,CAN,40.82,-1.2771514699830906
1261,2006-02-28,2006,February,CAN,29.26,-0.10943966119933175
1262,2006-03-31,2006,March,CAN,30.85,0.20351751034611698
1263,2006-04-30,2006,April,CAN,31.01,-0.36010614204775865
1264,2006-05-31,2006,May,CAN,43.51,-1.2610531879671039
1265,2006-06-30,2006,June,CAN,54.85,0.12250625533294521
1266,2006-07-31,2006,July,CAN,68.32,-0.9616598786699087
1267,2006-08-31,2006,August,CAN,56.93,1.011722137491812
1268,2006-09-30,2006,September,CAN,51.75,0.718222171738315
1269,2006-10-31,2006,October,CAN,49.77,-0.16527482227592674
1270,2006-11-30,2006,November,CAN,51.06,-1.3680125461384542
1271,2006-12-31,2006,December,CAN,37.59,0.3164910364686601
1272,2007-01-31,2007,January,CAN,36.76,-0.29113297091204904
1273,2007-02-28,2007,February,CAN,29.58,-0.19256056511533834
1274,2007-03-31,2007,March,CAN,39.52,-2.1721819953710653
1275,2007-04-30,2007,April,CAN,29.27,0.2757270275826902
1276,2007-05-31,2007,May,CAN,42.84,-1.0914497141483106
1277,2007-06-30,2007,June,CAN,55.44,-0.015026714760132082
1278,2007-07-31,2007,July,CAN,64.46,-0.02973012738024343
1279,2007-08-31,2007,August,CAN,60.38,0.2913315217414606
1280,2007-09-30,2007,September,CAN,63.97,-1.7565003309431657
1281,2007-10-31,2007,October,CAN,55.84,-1.4137516166500697
1282,2007-11-30,2007,November,CAN,44.03,0.08224544825549267
1283,2007-12-31,2007,December,CAN,39.37,-0.13797819104397013
1284,2008-01-31,2008,January,CAN,34.64,0.2237338315585432
1285,2008-02-29,2008,February,CAN,30.59,-0.4549109181002372
1286,2008-03-31,2008,March,CAN,32.83,-0.33902978161697556
1287,2008-04-30,2008,April,CAN,30.42,-0.14450753855237686
1288,2008-05-31,2008,May,CAN,38.94,-0.10420561281502737
1289,2008-06-30,2008,June,CAN,61.38,-1.3996806848497674
1290,2008-07-31,2008,July,CAN,69.52,-1.2513789723350903
1291,2008-08-31,2008,August,CAN,66.95,-1.080542781296164
1292,2008-09-30,2008,September,CAN,54.56,0.14915750459142735
1293,2008-10-31,2008,October,CAN,50.19,-0.2516603665324561
1294,2008-11-30,2008,November,CAN,47.63,-0.6604186740515073
1295,2008-12-31,2008,December,CAN,46.7,-2.0094722571493597
1296,2009-01-31,2009,January,CAN,34.64,0.2237338315585432
1297,2009-02-28,2009,February,CAN,26.68,0.5607226266234786
1298,2009-03-31,2009,March,CAN,34.49,-0.7938926627577518
1299,2009-04-30,2009,April,CAN,31.58,-0.5683963183060077
1300,2009-05-31,2009,May,CAN,39.78,-0.3168428038714274
1301,2009-06-30,2009,June,CAN,53.4,0.4605110123413583
1302,2009-07-31,2009,July,CAN,68.77,-1.0703045387943522
1303,2009-08-31,2009,August,CAN,66.93,-1.0763666038135542
1304,2009-09-30,2009,September,CAN,53.64,0.3354704917000171
1305,2009-10-31,2009,October,CAN,56.83,-1.6173746852547475
1306,2009-11-30,2009,November,CAN,40.46,0.8187207028766008
1307,2009-12-31,2009,December,CAN,36.01,0.7198963058338066
1308,2010-01-31,2010,January,CAN,32.97,0.6293128693537747
1309,2010-02-28,2010,February,CAN,23.12,1.485442682689061
1310,2010-03-31,2010,March,CAN,27.31,1.173526305068012
1311,2010-04-30,2010,April,CAN,30.2,-0.06411483894392851
1312,2010-05-31,2010,May,CAN,43.28,-1.2028310999397571
1313,2010-06-30,2010,June,CAN,62.21,-1.5931592698959618
1314,2010-07-31,2010,July,CAN,66.37,-0.4908663514639924
1315,2010-08-31,2010,August,CAN,66.16,-0.9155837707330389
1316,2010-09-30,2010,September,CAN,66.56,-2.2810118924771303
1317,2010-10-31,2010,October,CAN,53.45,-0.9221767338569555
1318,2010-11-30,2010,November,CAN,41.91,0.5195920980585046
1319,2010-12-31,2010,December,CAN,42.92,-1.0443634481618604
1320,2011-01-31,2011,January,CAN,35.92,-0.08712914351804142
1321,2011-02-28,2011,February,CAN,28.07,0.1996662002383212
1322,2011-03-31,2011,March,CAN,33.4,-0.49521763839422983
1323,2011-04-30,2011,April,CAN,35.02,-1.8254458030926424
1324,2011-05-31,2011,May,CAN,42.49,-1.0028508845414772
1325,2011-06-30,2011,June,CAN,60.74,-1.2504923783081232
1326,2011-07-31,2011,July,CAN,69.6,-1.2706935785794353
1327,2011-08-31,2011,August,CAN,65.48,-0.7735937363242756
1328,2011-09-30,2011,September,CAN,53.97,0.2686408332806321
1329,2011-10-31,2011,October,CAN,48.7,0.05480263571094857
1330,2011-11-30,2011,November,CAN,41.87,0.5278439216396933
1331,2011-12-31,2011,December,CAN,34.14,1.1973443145128067
1332,2012-01-31,2012,January,CAN,35.85,-0.07012882456854065
1333,2012-02-29,2012,February,CAN,26.19,0.6880015107448646
1334,2012-03-31,2012,March,CAN,34.39,-0.7664912843757771
1335,2012-04-30,2012,April,CAN,33.27,-1.1859584198436286
1336,2012-05-31,2012,May,CAN,40.93,-0.607953244008164
1337,2012-06-30,2012,June,CAN,63.34,-1.8565698736335527
1338,2012-07-31,2012,July,CAN,61.8,0.6124805302442402
1339,2012-08-31,2012,August,CAN,58.84,0.6128971879024866
1340,2012-09-30,2012,September,CAN,49.85,1.1029989929408364
1341,2012-10-31,2012,October,CAN,52.24,-0.6733040944512366
1342,2012-11-30,2012,November,CAN,42.04,0.4927736714196401
1343,2012-12-31,2012,December,CAN,39.87,-0.26563808641268694
1344,2013-01-31,2013,January,CAN,33.02,0.6171697843898447
1345,2013-02-28,2013,February,CAN,25.89,0.7659273581661218
1346,2013-03-31,2013,March,CAN,28.6,0.8200485239405413
1347,2013-04-30,2013,April,CAN,30.85,-0.30163872415070586
1348,2013-05-31,2013,May,CAN,44.81,-1.5901345550781987
1349,2013-06-30,2013,June,CAN,60.37,-1.1642428885887341
1350,2013-07-31,2013,July,CAN,64.55,-0.051459059405132825
1351,2013-08-31,2013,August,CAN,67.76,-1.2496779693418991
1352,2013-09-30,2013,September,CAN,57.5,-0.44623399769036876
1353,2013-10-31,2013,October,CAN,43.83,1.0564635893521481
1354,2013-11-30,2013,November,CAN,45.63,-0.24782749499206305
1355,2013-12-31,2013,December,CAN,36.76,0.5284064627807313
1356,2014-01-31,2014,January,CAN,39.47,-0.9492881759570052
1357,2014-02-28,2014,February,CAN,26.76,0.5399424006444763
1358,2014-03-31,2014,March,CAN,31.62,-0.007473103195085896
1359,2014-04-30,2014,April,CAN,33.68,-1.3357811782048248
1360,2014-05-31,2014,May,CAN,37.78,0.1894362224533325
1361,2014-06-30,2014,June,CAN,65.66,-2.397377484847011
1362,2014-07-31,2014,July,CAN,68.05,-0.8964730825952439
1363,2014-08-31,2014,August,CAN,58.48,0.6880683825894811
1364,2014-09-30,2014,September,CAN,53.8,0.303068233072437
1365,2014-10-31,2014,October,CAN,53.04,-0.8378479882731988
1366,2014-11-30,2014,November,CAN,46.81,-0.4912562906371351
1367,2014-12-31,2014,December,CAN,38.21,0.15819276621145195
1368,2015-01-31,2015,January,CAN,37.73,-0.5267088192122729
1369,2015-02-28,2015,February,CAN,28.31,0.13732552230131603
1370,2015-03-31,2015,March,CAN,27.51,1.1187235483040625
1371,2015-04-30,2015,April,CAN,29.45,0.209951182448506
1372,2015-05-31,2015,May,CAN,34.94,0.9083524398344924
1373,2015-06-30,2015,June,CAN,52.98,0.5584158385093125
1374,2015-07-31,2015,July,CAN,63.79,0.13202969991614796
1375,2015-08-31,2015,August,CAN,65.35,-0.7464485826873039
1376,2015-09-30,2015,September,CAN,57.15,-0.37535405694253554
1377,2015-10-31,2015,October,CAN,48.78,0.03834824632875264
1378,2015-11-30,2015,November,CAN,44.35,0.016230859605981526
1379,2015-12-31,2015,December,CAN,39.78,-0.24265930524631885
1380,2016-01-31,2016,January,CAN,32.42,0.7628868039569939
1381,2016-02-29,2016,February,CAN,32.96,-1.0705251127281674
1382,2016-03-31,2016,March,CAN,33.79,-0.6020830140839302
1383,2016-04-30,2016,April,CAN,30.86,-0.30529293776927097
1384,2016-05-31,2016,May,CAN,36.76,0.44763852587896086
1385,2016-06-30,2016,June,CAN,57.04,-0.38799748111424265
1386,2016-07-31,2016,July,CAN,68.7,-1.0534042583305516
1387,2016-08-31,2016,August,CAN,65.19,-0.7130391628264188
1388,2016-09-30,2016,September,CAN,56.64,-0.27207185756712227
1389,2016-10-31,2016,October,CAN,55.22,-1.2862300989380475
1390,2016-11-30,2016,November,CAN,42.96,0.3029817290522954
1391,2016-12-31,2016,December,CAN,35.68,0.8041518367771592
1392,2017-01-31,2017,January,CAN,35.81,-0.0604143565973976
1393,2017-02-28,2017,February,CAN,30.2,-0.353607316452603
1394,2017-03-31,2017,March,CAN,35.95,-1.1939527871345785
1395,2017-04-30,2017,April,CAN,33.25,-1.1786499926064957
1396,2017-05-31,2017,May,CAN,41.76,-0.8180590399329388
1397,2017-06-30,2017,June,CAN,58.18,-0.6537391521415463
1398,2017-07-31,2017,July,CAN,62.26,0.5014215443392539
1399,2017-08-31,2017,August,CAN,59.01,0.5773996793002966
1400,2017-09-30,2017,September,CAN,52.52,0.562286302093082
1401,2017-10-31,2017,October,CAN,54.39,-1.1155158090977615
1402,2017-11-30,2017,November,CAN,48.03,-0.7429369098633959
1403,2017-12-31,2017,December,CAN,36.72,0.5386192544102285
1404,2018-01-31,2018,January,CAN,40.54,-1.2091501941850875
1405,2018-02-28,2018,February,CAN,28.24,0.15550822003294273
1406,2018-03-31,2018,March,CAN,29.32,0.6227585995903259
1407,2018-04-30,2018,April,CAN,29.78,0.08936213303583414
1408,2018-05-31,2018,May,CAN,35.09,0.870381512860134
1409,2018-06-30,2018,June,CAN,54.8,0.13416159178151213
1410,2018-07-31,2018,July,CAN,60.87,0.8370128278347554
1411,2018-08-31,2018,August,CAN,60.61,0.24330548069143787
1412,2018-09-30,2018,September,CAN,56.45,-0.23359417544687058
1413,2018-10-31,2018,October,CAN,50.36,-0.28662594396962354
1414,2018-11-30,2018,November,CAN,44.52,-0.01883939061407159
1415,2018-12-31,2018,December,CAN,39.92,-0.2784040759495597
1416,2019-01-31,2019,January,CAN,39.95,-1.0658617916107254
1417,2019-02-28,2019,February,CAN,29.19,-0.09125696346770507
1418,2019-03-31,2019,March,CAN,24.64,1.9051431078667285
1419,2019-04-30,2019,April,CAN,32.33,-0.8424623396984422
1420,2019-05-31,2019,May,CAN,34.73,0.9615117375985924
1421,2019-06-30,2019,June,CAN,57.02,-0.3833353465348172
1422,2019-07-31,2019,July,CAN,66.06,-0.41602225226715345
1423,2019-08-31,2019,August,CAN,63.32,-0.3225665682023161
1424,2019-09-30,2019,September,CAN,60.29,-1.011248382508808
1425,2019-10-31,2019,October,CAN,49.6,-0.1303092448387593
1426,2019-11-30,2019,November,CAN,41.35,0.6351176281951479
1427,2019-12-31,2019,December,CAN,39.18,-0.08946743080385833
1428,2020-01-31,2020,January,CAN,35.37,0.046444791085179446
1429,2020-02-29,2020,February,CAN,25.83,0.7815125276503737
1430,2020-03-31,2020,March,CAN,31.74,-0.04035475725345449
1431,2020-04-30,2020,April,CAN,29.13,0.3268860182426115
1432,2020-05-31,2020,May,CAN,37.58,0.2400641250858092
1433,2020-06-30,2020,June,CAN,57.19,-0.42296349045994014
1434,2020-07-31,2020,July,CAN,63.62,0.17307323818538234
1435,2020-08-31,2020,August,CAN,62.9,-0.23486684106749045
1436,2020-09-30,2020,September,CAN,51.89,0.6898701954391817
1437,2020-10-31,2020,October,CAN,53.32,-0.8954383511108861
1438,2020-11-30,2020,November,CAN,44.34,0.018293815501278336
1439,2020-12-31,2020,December,CAN,39.92,-0.2784040759495597
1440,2021-01-31,2021,January,CAN,33.82,0.42288042496698014
1441,2021-02-28,2021,February,CAN,27.22,0.4204561012652163
1442,2021-03-31,2021,March,CAN,29.93,0.4556101914602821
1443,2021-04-30,2021,April,CAN,31.07,-0.38203142375915294
1444,2021-05-31,2021,May,CAN,37.86,0.16918506140034253
1445,2021-06-30,2021,June,CAN,54.01,0.31831590766885387
1446,2021-07-31,2021,July,CAN,59.92,1.066373776986356
1447,2021-08-31,2021,August,CAN,62.26,-0.10122916162394699
1448,2021-09-30,2021,September,CAN,56.62,-0.26802157523867404
1449,2021-10-31,2021,October,CAN,49.2,-0.04803729792777818
1450,2021-11-30,2021,November,CAN,50.64,-1.2813683985359705
1451,2021-12-31,2021,December,CAN,39.19,-0.09202062871123215
