,Date,Year,Month,Country_id,Precipitation,SPI
0,1901-01-31,1901,January,SDN,0.11,0.5953825214142894
1,1901-02-28,1901,February,SDN,0.14,0.1467179145966878
2,1901-03-31,1901,March,SDN,0.7,-0.40393300946459243
3,1901-04-30,1901,April,SDN,2.83,-0.00722059324600171
4,1901-05-31,1901,May,SDN,10.63,0.539589766036477
5,1901-06-30,1901,June,SDN,33.95,-0.6224480808326648
6,1901-07-31,1901,July,SDN,56.32,0.7821922330487333
7,1901-08-31,1901,August,SDN,72.59,0.822963807927025
8,1901-09-30,1901,September,SDN,33.58,0.8785454383566879
9,1901-10-31,1901,October,SDN,13.28,-0.09556414465122035
10,1901-11-30,1901,November,SDN,0.66,0.6510123183959516
11,1901-12-31,1901,December,SDN,0.94,-1.6689264266296573
12,1902-01-31,1902,January,SDN,0.09,0.6813506420480948
13,1902-02-28,1902,February,SDN,0.15,0.06095526886625662
14,1902-03-31,1902,March,SDN,0.58,-0.12517315692533965
15,1902-04-30,1902,April,SDN,2.51,0.16222266159350485
16,1902-05-31,1902,May,SDN,13.78,0.056218892376602596
17,1902-06-30,1902,June,SDN,21.26,0.869322984171861
18,1902-07-31,1902,July,SDN,75.9,-0.660456316789261
19,1902-08-31,1902,August,SDN,68.83,1.0191768107173258
20,1902-09-30,1902,September,SDN,41.35,-0.06881207045164378
21,1902-10-31,1902,October,SDN,18.96,-1.2667361370886374
22,1902-11-30,1902,November,SDN,1.54,-0.5262939258771622
23,1902-12-31,1902,December,SDN,1.14,-2.3187738847863377
24,1903-01-31,1903,January,SDN,1.41,-4.992545319783068
25,1903-02-28,1903,February,SDN,0.67,-4.398702309116174
26,1903-03-31,1903,March,SDN,0.57,-0.10194316921373522
27,1903-04-30,1903,April,SDN,2.3,0.2734197975819309
28,1903-05-31,1903,May,SDN,13.58,0.08690910657722944
29,1903-06-30,1903,June,SDN,18.51,1.192598825681904
30,1903-07-31,1903,July,SDN,54.57,0.9111317101792996
31,1903-08-31,1903,August,SDN,79.8,0.4467149382147733
32,1903-09-30,1903,September,SDN,37.39,0.41401106145067185
33,1903-10-31,1903,October,SDN,6.91,1.2178805017970797
34,1903-11-30,1903,November,SDN,1.47,-0.43264456553725533
35,1903-12-31,1903,December,SDN,1.14,-2.3187738847863377
36,1904-01-31,1904,January,SDN,0.3,-0.22131462460686288
37,1904-02-29,1904,February,SDN,0.1,0.4897684975184132
38,1904-03-31,1904,March,SDN,0.53,-0.00902321836731781
39,1904-04-30,1904,April,SDN,2.2,0.3263708147192764
40,1904-05-31,1904,May,SDN,10.82,0.5104340625458815
41,1904-06-30,1904,June,SDN,22.72,0.6976929010428932
42,1904-07-31,1904,July,SDN,64.73,0.16254594580983983
43,1904-08-31,1904,August,SDN,72.56,0.8245293372046072
44,1904-09-30,1904,September,SDN,43.36,-0.3138813874020613
45,1904-10-31,1904,October,SDN,11.04,0.36630650025367645
46,1904-11-30,1904,November,SDN,1.91,-1.0212976876738122
47,1904-12-31,1904,December,SDN,0.45,-0.07680015414578985
48,1905-01-31,1905,January,SDN,0.54,-1.252932072212529
49,1905-02-28,1905,February,SDN,0.27,-0.9681964798989197
50,1905-03-31,1905,March,SDN,0.45,0.17681668332551742
51,1905-04-30,1905,April,SDN,1.73,0.5752405952648015
52,1905-05-31,1905,May,SDN,11.1,0.46746776266500384
53,1905-06-30,1905,June,SDN,38.48,-1.1549715579382986
54,1905-07-31,1905,July,SDN,64.51,0.17875548007768235
55,1905-08-31,1905,August,SDN,75.24,0.6846753884072657
56,1905-09-30,1905,September,SDN,41.37,-0.0712505711178166
57,1905-10-31,1905,October,SDN,10.02,0.5766225974871562
58,1905-11-30,1905,November,SDN,0.98,0.2229009568420921
59,1905-12-31,1905,December,SDN,0.13,0.9629557789048993
60,1906-01-31,1906,January,SDN,0.28,-0.13534650397305753
61,1906-02-28,1906,February,SDN,0.14,0.1467179145966878
62,1906-03-31,1906,March,SDN,1.06,-1.240212567082351
63,1906-04-30,1906,April,SDN,2.74,0.04043532217760939
64,1906-05-31,1906,May,SDN,8.32,0.8940617400537185
65,1906-06-30,1906,June,SDN,31.06,-0.2827145601184736
66,1906-07-31,1906,July,SDN,66.6,0.0247649045331782
67,1906-08-31,1906,August,SDN,78.88,0.4947245027272938
68,1906-09-30,1906,September,SDN,49.72,-1.089324599245174
69,1906-10-31,1906,October,SDN,15.84,-0.6234163102568168
70,1906-11-30,1906,November,SDN,1.22,-0.09818256432330257
71,1906-12-31,1906,December,SDN,0.37,0.18313882911688248
72,1907-01-31,1907,January,SDN,0.66,-1.768740796015362
73,1907-02-28,1907,February,SDN,0.1,0.4897684975184132
74,1907-03-31,1907,March,SDN,0.48,0.10712672019070428
75,1907-04-30,1907,April,SDN,4.74,-1.0185850205693057
76,1907-05-31,1907,May,SDN,14.45,-0.04659332519549771
77,1907-06-30,1907,June,SDN,23.6,0.594244631759679
78,1907-07-31,1907,July,SDN,59.16,0.5729418815911287
79,1907-08-31,1907,August,SDN,100.45,-0.6308910478542982
80,1907-09-30,1907,September,SDN,39.9,0.10797922784592161
81,1907-10-31,1907,October,SDN,8.84,0.8199294550709856
82,1907-11-30,1907,November,SDN,1.27,-0.1650749645660932
83,1907-12-31,1907,December,SDN,0.55,-0.40172388322413033
84,1908-01-31,1908,January,SDN,0.22,0.12255785792835908
85,1908-02-29,1908,February,SDN,0.21,-0.4536206055163314
86,1908-03-31,1908,March,SDN,1.01,-1.124062628524329
87,1908-04-30,1908,April,SDN,2.78,0.019254915322671304
88,1908-05-31,1908,May,SDN,11.49,0.4076218449737812
89,1908-06-30,1908,June,SDN,23.42,0.6154045050221546
90,1908-07-31,1908,July,SDN,71.45,-0.3325816463715349
91,1908-08-31,1908,August,SDN,76.16,0.6366658238947452
92,1908-09-30,1908,September,SDN,44.47,-0.4492181743746799
93,1908-10-31,1908,October,SDN,15.65,-0.5842397823407764
94,1908-11-30,1908,November,SDN,1.25,-0.13831800446897694
95,1908-12-31,1908,December,SDN,0.44,-0.044307781237955784
96,1909-01-31,1909,January,SDN,0.1,0.6383665817311921
97,1909-02-28,1909,February,SDN,0.09,0.5755311432488446
98,1909-03-31,1909,March,SDN,1.15,-1.4492824564867903
99,1909-04-30,1909,April,SDN,4.26,-0.7644201383100457
100,1909-05-31,1909,May,SDN,15.89,-0.267562867440012
101,1909-06-30,1909,June,SDN,32.72,-0.47785561353908146
102,1909-07-31,1909,July,SDN,69.97,-0.2235356885696842
103,1909-08-31,1909,August,SDN,78.03,0.539081165592122
104,1909-09-30,1909,September,SDN,50.67,-1.2051533808884067
105,1909-10-31,1909,October,SDN,13.22,-0.08319260951983944
106,1909-11-30,1909,November,SDN,1.11,0.04898071621083649
107,1909-12-31,1909,December,SDN,0.34,0.2806159478403845
108,1910-01-31,1910,January,SDN,0.13,0.5094144007804838
109,1910-02-28,1910,February,SDN,0.08,0.6612937889792759
110,1910-03-31,1910,March,SDN,0.4,0.2929666218835394
111,1910-04-30,1910,April,SDN,2.09,0.3846169335703569
112,1910-05-31,1910,May,SDN,13.57,0.08844361728726076
113,1910-06-30,1910,June,SDN,31.42,-0.3250343066434251
114,1910-07-31,1910,July,SDN,64.69,0.16549313385853895
115,1910-08-31,1910,August,SDN,79.42,0.4665449757308141
116,1910-09-30,1910,September,SDN,45.45,-0.5687047070171727
117,1910-10-31,1910,October,SDN,18.19,-1.1079681029025792
118,1910-11-30,1910,November,SDN,0.46,0.9185819193671139
119,1910-12-31,1910,December,SDN,0.2,0.735509168550061
120,1911-01-31,1911,January,SDN,0.08,0.7243347023649975
121,1911-02-28,1911,February,SDN,0.5,-2.9407373316988403
122,1911-03-31,1911,March,SDN,0.24,0.6646464252692098
123,1911-04-30,1911,April,SDN,3.25,-0.22961486522285382
124,1911-05-31,1911,May,SDN,16.29,-0.32894329584126575
125,1911-06-30,1911,June,SDN,19.47,1.0797461682820348
126,1911-07-31,1911,July,SDN,74.81,-0.5801454424622222
127,1911-08-31,1911,August,SDN,74.55,0.7206825617916558
128,1911-09-30,1911,September,SDN,34.11,0.813925170703095
129,1911-10-31,1911,October,SDN,16.19,-0.6955835985232072
130,1911-11-30,1911,November,SDN,2.04,-1.1952179283050677
131,1911-12-31,1911,December,SDN,0.4,0.08566171039338029
132,1912-01-31,1912,January,SDN,0.54,-1.252932072212529
133,1912-02-29,1912,February,SDN,0.47,-2.683449394507546
134,1912-03-31,1912,March,SDN,0.61,-0.1948631200601529
135,1912-04-30,1912,April,SDN,0.79,1.0729801563558516
136,1912-05-31,1912,May,SDN,6.69,1.1441869857888283
137,1912-06-30,1912,June,SDN,26.38,0.2674421447058904
138,1912-07-31,1912,July,SDN,63.84,0.22812087989338503
139,1912-08-31,1912,August,SDN,85.9,0.12839065177306178
140,1912-09-30,1912,September,SDN,46.74,-0.7259879999853511
141,1912-10-31,1912,October,SDN,9.9,0.6013656677499183
142,1912-11-30,1912,November,SDN,0.86,0.3834427174247894
143,1912-12-31,1912,December,SDN,1.43,-3.261052699113525
144,1913-01-31,1913,January,SDN,0.26,-0.04937838333925196
145,1913-02-28,1913,February,SDN,0.29,-1.139721771359782
146,1913-03-31,1913,March,SDN,0.74,-0.4968529603110101
147,1913-04-30,1913,April,SDN,4.66,-0.9762242068594289
148,1913-05-31,1913,May,SDN,8.33,0.8925272293436872
149,1913-06-30,1913,June,SDN,16.05,1.48178376026907
150,1913-07-31,1913,July,SDN,45.01,1.6155096538182794
151,1913-08-31,1913,August,SDN,74.07,0.745731030232971
152,1913-09-30,1913,September,SDN,30.21,1.2894328006068905
153,1913-10-31,1913,October,SDN,13.33,-0.10587375726070479
154,1913-11-30,1913,November,SDN,0.39,1.0122312797070205
155,1913-12-31,1913,December,SDN,0.87,-1.4414798162748192
156,1914-01-31,1914,January,SDN,0.58,-1.4248683134801399
157,1914-02-28,1914,February,SDN,0.17,-0.11057002259460622
158,1914-03-31,1914,March,SDN,0.44,0.20004667103712184
159,1914-04-30,1914,April,SDN,1.79,0.5434699849823941
160,1914-05-31,1914,May,SDN,11.52,0.4030183128436872
161,1914-06-30,1914,June,SDN,25.92,0.32151737637666095
162,1914-07-31,1914,July,SDN,60.94,0.4417920134240383
163,1914-08-31,1914,August,SDN,104.63,-0.849021460530749
164,1914-09-30,1914,September,SDN,35.48,0.6468878750702235
165,1914-10-31,1914,October,SDN,12.72,0.019903516575003586
166,1914-11-30,1914,November,SDN,1.15,-0.0045332039833957056
167,1914-12-31,1914,December,SDN,0.57,-0.4667086290397981
168,1915-01-31,1915,January,SDN,0.5,-1.080995830944918
169,1915-02-28,1915,February,SDN,0.42,-2.2546361658553895
170,1915-03-31,1915,March,SDN,0.28,0.5717264744227921
171,1915-04-30,1915,April,SDN,0.99,0.9670781220811601
172,1915-05-31,1915,May,SDN,9.83,0.6623506228389849
173,1915-06-30,1915,June,SDN,34.48,-0.6847521521055088
174,1915-07-31,1915,July,SDN,56.56,0.7645091047565411
175,1915-08-31,1915,August,SDN,84.86,0.1826623333959112
176,1915-09-30,1915,September,SDN,50.26,-1.1551641172318534
177,1915-10-31,1915,October,SDN,5.26,1.5580977179100617
178,1915-11-30,1915,November,SDN,1.49,-0.4594015256343716
179,1915-12-31,1915,December,SDN,0.46,-0.10929252705362391
180,1916-01-31,1916,January,SDN,0.15,0.42344628014667834
181,1916-02-29,1916,February,SDN,0.17,-0.11057002259460622
182,1916-03-31,1916,March,SDN,0.26,0.618186449846001
183,1916-04-30,1916,April,SDN,2.29,0.27871489929566534
184,1916-05-31,1916,May,SDN,9.74,0.6761612192292671
185,1916-06-30,1916,June,SDN,42.06,-1.575817926158646
186,1916-07-31,1916,July,SDN,67.0,-0.0047069759538088144
187,1916-08-31,1916,August,SDN,88.68,-0.01668172794955417
188,1916-09-30,1916,September,SDN,40.18,0.07384021851949511
189,1916-10-31,1916,October,SDN,13.46,-0.13267875004536414
190,1916-11-30,1916,November,SDN,2.17,-1.3691381689363231
191,1916-12-31,1916,December,SDN,0.69,-0.8566171039338065
192,1917-01-31,1917,January,SDN,0.24,0.03658973729455362
193,1917-02-28,1917,February,SDN,0.35,-1.65429764574237
194,1917-03-31,1917,March,SDN,0.24,0.6646464252692098
195,1917-04-30,1917,April,SDN,4.18,-0.7220593246001691
196,1917-05-31,1917,May,SDN,16.83,-0.4118068741829584
197,1917-06-30,1917,June,SDN,37.38,-1.025661221334282
198,1917-07-31,1917,July,SDN,55.03,0.877239047619265
199,1917-08-31,1917,August,SDN,73.5,0.7754760865070321
200,1917-09-30,1917,September,SDN,45.01,-0.5150576923613592
201,1917-10-31,1917,October,SDN,7.42,1.1127224531803397
202,1917-11-30,1917,November,SDN,0.7,0.5974983982017192
203,1917-12-31,1917,December,SDN,0.58,-0.4992010019476321
204,1918-01-31,1918,January,SDN,0.5,-1.080995830944918
205,1918-02-28,1918,February,SDN,0.2,-0.3678579597859002
206,1918-03-31,1918,March,SDN,0.98,-1.0543726653895156
207,1918-04-30,1918,April,SDN,1.99,0.4375679507077026
208,1918-05-31,1918,May,SDN,9.62,0.6945753477496434
209,1918-06-30,1918,June,SDN,39.55,-1.2807552489985699
210,1918-07-31,1918,July,SDN,60.6,0.4668431118379766
211,1918-08-31,1918,August,SDN,88.08,0.014628857602089993
212,1918-09-30,1918,September,SDN,27.2,1.6564271508659738
213,1918-10-31,1918,October,SDN,8.11,0.9704497991694565
214,1918-11-30,1918,November,SDN,1.15,-0.0045332039833957056
215,1918-12-31,1918,December,SDN,0.36,0.21563120202471656
216,1919-01-31,1919,January,SDN,0.5,-1.080995830944918
217,1919-02-28,1919,February,SDN,0.15,0.06095526886625662
218,1919-03-31,1919,March,SDN,0.18,0.8040263515388362
219,1919-04-30,1919,April,SDN,1.72,0.5805356969785361
220,1919-05-31,1919,May,SDN,11.66,0.38153516290324824
221,1919-06-30,1919,June,SDN,14.04,1.718069011700047
222,1919-07-31,1919,July,SDN,65.18,0.12939008026197968
223,1919-08-31,1919,August,SDN,73.9,0.7546023628059361
224,1919-09-30,1919,September,SDN,38.09,0.32866353813460564
225,1919-10-31,1919,October,SDN,6.4,1.3230385504138196
226,1919-11-30,1919,November,SDN,0.81,0.4503351176675799
227,1919-12-31,1919,December,SDN,0.16,0.8654786601813971
228,1920-01-31,1920,January,SDN,0.42,-0.7371233484096958
229,1920-02-29,1920,February,SDN,0.18,-0.19633266832503737
230,1920-03-31,1920,March,SDN,0.87,-0.7988428005618673
231,1920-04-30,1920,April,SDN,1.69,0.5964210021197399
232,1920-05-31,1920,May,SDN,27.54,-2.0552678446265324
233,1920-06-30,1920,June,SDN,41.92,-1.5593602469544983
234,1920-07-31,1920,July,SDN,79.38,-0.9168616770260436
235,1920-08-31,1920,August,SDN,120.43,-1.6735335467240342
236,1920-09-30,1920,September,SDN,40.15,0.07749796951875522
237,1920-10-31,1920,October,SDN,9.82,0.6178610479250932
238,1920-11-30,1920,November,SDN,0.71,0.5841199181531611
239,1920-12-31,1920,December,SDN,0.82,-1.279017951735649
240,1921-01-31,1921,January,SDN,0.21,0.16554191824526188
241,1921-02-28,1921,February,SDN,0.53,-3.1980252688901345
242,1921-03-31,1921,March,SDN,0.26,0.618186449846001
243,1921-04-30,1921,April,SDN,4.08,-0.6691083074628236
244,1921-05-31,1921,May,SDN,10.57,0.5487968302966652
245,1921-06-30,1921,June,SDN,25.1,0.41791235457238285
246,1921-07-31,1921,July,SDN,70.21,-0.24121881686187577
247,1921-08-31,1921,August,SDN,97.46,-0.4748599631886065
248,1921-09-30,1921,September,SDN,36.87,0.4774120787711783
249,1921-10-31,1921,October,SDN,11.48,0.2755819092902143
250,1921-11-30,1921,November,SDN,1.25,-0.13831800446897694
251,1921-12-31,1921,December,SDN,0.33,0.31310832074821854
252,1922-01-31,1922,January,SDN,0.37,-0.5222030468251821
253,1922-02-28,1922,February,SDN,0.13,0.23248056032711922
254,1922-03-31,1922,March,SDN,0.22,0.7111064006924187
255,1922-04-30,1922,April,SDN,1.32,0.7923397655279191
256,1922-05-31,1922,May,SDN,13.06,0.16670366349885948
257,1922-06-30,1922,June,SDN,21.94,0.7893856851802868
258,1922-07-31,1922,July,SDN,95.68,-2.117840806870748
259,1922-08-31,1922,August,SDN,123.38,-1.827477259019615
260,1922-09-30,1922,September,SDN,49.89,-1.1100518549076475
261,1922-10-31,1922,October,SDN,26.58,-2.8379210987740446
262,1922-11-30,1922,November,SDN,0.47,0.9052034393185557
263,1922-12-31,1922,December,SDN,0.43,-0.011815408330121725
264,1923-01-31,1923,January,SDN,0.11,0.5953825214142894
265,1923-02-28,1923,February,SDN,0.14,0.1467179145966878
266,1923-03-31,1923,March,SDN,0.77,-0.5665429234458234
267,1923-04-30,1923,April,SDN,2.05,0.40579734042529525
268,1923-05-31,1923,May,SDN,24.0,-1.5120510532754352
269,1923-06-30,1923,June,SDN,38.57,-1.1655514945695367
270,1923-07-31,1923,July,SDN,95.86,-2.1311031530898914
271,1923-08-31,1923,August,SDN,112.52,-1.260755660534864
272,1923-09-30,1923,September,SDN,36.36,0.5395938457585975
273,1923-10-31,1923,October,SDN,12.73,0.017841594053106768
274,1923-11-30,1923,November,SDN,1.86,-0.9544052874310218
275,1923-12-31,1923,December,SDN,1.0,-1.8638806640766616
276,1924-01-31,1924,January,SDN,0.41,-0.6941392880927931
277,1924-02-29,1924,February,SDN,0.07,0.7470564347097072
278,1924-03-31,1924,March,SDN,1.79,-2.9360016700294724
279,1924-04-30,1924,April,SDN,3.4,-0.3090413909288724
280,1924-05-31,1924,May,SDN,5.71,1.2945690353719006
281,1924-06-30,1924,June,SDN,39.61,-1.287808540086062
282,1924-07-31,1924,July,SDN,53.99,0.9538659368854301
283,1924-08-31,1924,August,SDN,106.5,-0.9466061188333722
284,1924-09-30,1924,September,SDN,57.98,-2.096425374374751
285,1924-10-31,1924,October,SDN,12.47,0.0714515796224251
286,1924-11-30,1924,November,SDN,1.5,-0.4727800056829297
287,1924-12-31,1924,December,SDN,0.3,0.41058543947172077
288,1925-01-31,1925,January,SDN,0.27,-0.09236244365615474
289,1925-02-28,1925,February,SDN,0.17,-0.11057002259460622
290,1925-03-31,1925,March,SDN,0.6,-0.1716331323485485
291,1925-04-30,1925,April,SDN,2.08,0.3899120352840914
292,1925-05-31,1925,May,SDN,13.51,0.09765068154744892
293,1925-06-30,1925,June,SDN,24.77,0.45670545555358827
294,1925-07-31,1925,July,SDN,58.71,0.6060977471389883
295,1925-08-31,1925,August,SDN,88.33,0.001582780288905112
296,1925-09-30,1925,September,SDN,33.32,0.9102459470169406
297,1925-10-31,1925,October,SDN,10.14,0.5518795272243936
298,1925-11-30,1925,November,SDN,2.91,-2.3591456925296237
299,1925-12-31,1925,December,SDN,0.42,0.02067696457771234
300,1926-01-31,1926,January,SDN,0.2,0.20852597856216454
301,1926-02-28,1926,February,SDN,0.17,-0.11057002259460622
302,1926-03-31,1926,March,SDN,0.13,0.9201762900968582
303,1926-04-30,1926,April,SDN,6.78,-2.0987857701711587
304,1926-05-31,1926,May,SDN,12.67,0.22654958119008214
305,1926-06-30,1926,June,SDN,37.25,-1.010379090644716
306,1926-07-31,1926,July,SDN,67.94,-0.07396589509822714
307,1926-08-31,1926,August,SDN,67.12,1.1084119795395102
308,1926-09-30,1926,September,SDN,32.82,0.9712084636712734
309,1926-10-31,1926,October,SDN,9.9,0.6013656677499183
310,1926-11-30,1926,November,SDN,0.48,0.8918249592699976
311,1926-12-31,1926,December,SDN,0.4,0.08566171039338029
312,1927-01-31,1927,January,SDN,0.34,-0.39325086587447405
313,1927-02-28,1927,February,SDN,0.11,0.40400585178798193
314,1927-03-31,1927,March,SDN,0.41,0.2697366341719351
315,1927-04-30,1927,April,SDN,0.6,1.1735870889168085
316,1927-05-31,1927,May,SDN,15.86,-0.26295933530991783
317,1927-06-30,1927,June,SDN,26.79,0.21924465560802944
318,1927-07-31,1927,July,SDN,84.08,-1.2631562727481362
319,1927-08-31,1927,August,SDN,86.26,0.10960430044207557
320,1927-09-30,1927,September,SDN,44.27,-0.4248331677129474
321,1927-10-31,1927,October,SDN,9.83,0.6157991254031964
322,1927-11-30,1927,November,SDN,0.91,0.31655031718199883
323,1927-12-31,1927,December,SDN,0.58,-0.4992010019476321
324,1928-01-31,1928,January,SDN,0.39,-0.6081711674589877
325,1928-02-29,1928,February,SDN,0.17,-0.11057002259460622
326,1928-03-31,1928,March,SDN,1.58,-2.44817192808578
327,1928-04-30,1928,April,SDN,4.54,-0.912682986294614
328,1928-05-31,1928,May,SDN,20.75,-1.013335072515247
329,1928-06-30,1928,June,SDN,27.8,0.10051425563524982
330,1928-07-31,1928,July,SDN,67.9,-0.07101870704952908
331,1928-08-31,1928,August,SDN,102.48,-0.7368251956373595
332,1928-09-30,1928,September,SDN,33.66,0.8687914356919948
333,1928-10-31,1928,October,SDN,7.48,1.1003509180489586
334,1928-11-30,1928,November,SDN,0.99,0.20952247679353397
335,1928-12-31,1928,December,SDN,0.33,0.31310832074821854
336,1929-01-31,1929,January,SDN,0.41,-0.6941392880927931
337,1929-02-28,1929,February,SDN,0.09,0.5755311432488446
338,1929-03-31,1929,March,SDN,0.15,0.8737163146736493
339,1929-04-30,1929,April,SDN,5.23,-1.2780450045423
340,1929-05-31,1929,May,SDN,29.16,-2.3038585796516107
341,1929-06-30,1929,June,SDN,33.25,-0.5401596848119262
342,1929-07-31,1929,July,SDN,93.39,-1.9491142910827495
343,1929-08-31,1929,August,SDN,100.04,-0.6094954810606752
344,1929-09-30,1929,September,SDN,50.04,-1.128340609903947
345,1929-10-31,1929,October,SDN,13.56,-0.15329797526433267
346,1929-11-30,1929,November,SDN,0.72,0.570741438104603
347,1929-12-31,1929,December,SDN,0.38,0.15064645620904843
348,1930-01-31,1930,January,SDN,0.09,0.6813506420480948
349,1930-02-28,1930,February,SDN,0.1,0.4897684975184132
350,1930-03-31,1930,March,SDN,0.94,-0.961452714543098
351,1930-04-30,1930,April,SDN,4.52,-0.9020927828671446
352,1930-05-31,1930,May,SDN,16.48,-0.35809899933186157
353,1930-06-30,1930,June,SDN,46.21,-2.0636705597101654
354,1930-07-31,1930,July,SDN,75.44,-0.6265636542292258
355,1930-08-31,1930,August,SDN,105.31,-0.8845067908226122
356,1930-09-30,1930,September,SDN,30.19,1.2918713012730636
357,1930-10-31,1930,October,SDN,11.39,0.29413921198728604
358,1930-11-30,1930,November,SDN,0.58,0.7580401587844166
359,1930-12-31,1930,December,SDN,0.15,0.8979710330892312
360,1931-01-31,1931,January,SDN,0.21,0.16554191824526188
361,1931-02-28,1931,February,SDN,0.25,-0.7966711884380568
362,1931-03-31,1931,March,SDN,0.26,0.618186449846001
363,1931-04-30,1931,April,SDN,1.11,0.9035369015163451
364,1931-05-31,1931,May,SDN,7.55,1.0122190647261324
365,1931-06-30,1931,June,SDN,26.76,0.22277130115177507
366,1931-07-31,1931,July,SDN,74.25,-0.5388848097804408
367,1931-08-31,1931,August,SDN,104.74,-0.8547617345485503
368,1931-09-30,1931,September,SDN,50.14,-1.1405331132348138
369,1931-10-31,1931,October,SDN,8.96,0.7951863848082231
370,1931-11-30,1931,November,SDN,1.27,-0.1650749645660932
371,1931-12-31,1931,December,SDN,0.52,-0.3042467645006281
372,1932-01-31,1932,January,SDN,0.35,-0.4362349261913766
373,1932-02-29,1932,February,SDN,0.16,-0.024807376864174797
374,1932-03-31,1932,March,SDN,0.29,0.5484964867111879
375,1932-04-30,1932,April,SDN,1.3,0.8029299689553883
376,1932-05-31,1932,May,SDN,8.93,0.8004565867418063
377,1932-06-30,1932,June,SDN,30.02,-0.1604575146019484
378,1932-07-31,1932,July,SDN,69.46,-0.1859590409487759
379,1932-08-31,1932,August,SDN,104.05,-0.8187545611641601
380,1932-09-30,1932,September,SDN,44.65,-0.47116468037023973
381,1932-10-31,1932,October,SDN,14.81,-0.41103829050144025
382,1932-11-30,1932,November,SDN,0.79,0.47709207776469614
383,1932-12-31,1932,December,SDN,0.38,0.15064645620904843
384,1933-01-31,1933,January,SDN,0.66,-1.768740796015362
385,1933-02-28,1933,February,SDN,0.1,0.4897684975184132
386,1933-03-31,1933,March,SDN,0.31,0.502036511287979
387,1933-04-30,1933,April,SDN,0.88,1.0253242409322405
388,1933-05-31,1933,May,SDN,19.97,-0.8936432371328018
389,1933-06-30,1933,June,SDN,37.72,-1.0656298708300687
390,1933-07-31,1933,July,SDN,61.34,0.4123201329370513
391,1933-08-31,1933,August,SDN,101.11,-0.6653326919611061
392,1933-09-30,1933,September,SDN,46.82,-0.7357420026500441
393,1933-10-31,1933,October,SDN,12.57,0.05083235440345656
394,1933-11-30,1933,November,SDN,3.33,-2.921041854569064
395,1933-12-31,1933,December,SDN,0.41,0.053169337485546406
396,1934-01-31,1934,January,SDN,0.25,-0.006394323022349167
397,1934-02-28,1934,February,SDN,0.51,-3.0264999774292716
398,1934-03-31,1934,March,SDN,0.23,0.6878764129808143
399,1934-04-30,1934,April,SDN,3.9,-0.5737964766156012
400,1934-05-31,1934,May,SDN,24.26,-1.5519483317362506
401,1934-06-30,1934,June,SDN,51.23,-2.653795914030316
402,1934-07-31,1934,July,SDN,75.61,-0.6390892034361952
403,1934-08-31,1934,August,SDN,101.97,-0.7102111979184621
404,1934-09-30,1934,September,SDN,41.35,-0.06881207045164378
405,1934-10-31,1934,October,SDN,14.6,-0.367737917541606
406,1934-11-30,1934,November,SDN,1.47,-0.43264456553725533
407,1934-12-31,1934,December,SDN,0.53,-0.3367391374084622
408,1935-01-31,1935,January,SDN,0.35,-0.4362349261913766
409,1935-02-28,1935,February,SDN,0.15,0.06095526886625662
410,1935-03-31,1935,March,SDN,0.54,-0.03225320607892223
411,1935-04-30,1935,April,SDN,2.27,0.28930510272313453
412,1935-05-31,1935,May,SDN,21.68,-1.1560445685481624
413,1935-06-30,1935,June,SDN,40.9,-1.4394542984671366
414,1935-07-31,1935,July,SDN,55.22,0.8632399043879465
415,1935-08-31,1935,August,SDN,103.38,-0.7837910739648246
416,1935-09-30,1935,September,SDN,43.89,-0.37850165505565414
417,1935-10-31,1935,October,SDN,12.31,0.1044423399727749
418,1935-11-30,1935,November,SDN,1.65,-0.6734572064113012
419,1935-12-31,1935,December,SDN,0.69,-0.8566171039338065
420,1936-01-31,1936,January,SDN,0.22,0.12255785792835908
421,1936-02-29,1936,February,SDN,0.15,0.06095526886625662
422,1936-03-31,1936,March,SDN,0.7,-0.40393300946459243
423,1936-04-30,1936,April,SDN,4.61,-0.9497486982907561
424,1936-05-31,1936,May,SDN,15.33,-0.18163026767825646
425,1936-06-30,1936,June,SDN,33.33,-0.5495640729285818
426,1936-07-31,1936,July,SDN,65.75,0.0873926505680243
427,1936-08-31,1936,August,SDN,113.51,-1.3124181266950765
428,1936-09-30,1936,September,SDN,39.65,0.13846048617308798
429,1936-10-31,1936,October,SDN,16.71,-0.8028035696618439
430,1936-11-30,1936,November,SDN,0.43,0.9587173595127882
431,1936-12-31,1936,December,SDN,0.33,0.31310832074821854
432,1937-01-31,1937,January,SDN,0.8,-2.3705176404520008
433,1937-02-28,1937,February,SDN,0.1,0.4897684975184132
434,1937-03-31,1937,March,SDN,0.15,0.8737163146736493
435,1937-04-30,1937,April,SDN,1.77,0.5540601884098633
436,1937-05-31,1937,May,SDN,20.78,-1.0179386046453414
437,1937-06-30,1937,June,SDN,24.08,0.5378183030597447
438,1937-07-31,1937,July,SDN,72.57,-0.41510291173509667
439,1937-08-31,1937,August,SDN,100.1,-0.6126265396158389
440,1937-09-30,1937,September,SDN,42.67,-0.22975311441908233
441,1937-10-31,1937,October,SDN,14.88,-0.42547174815471833
442,1937-11-30,1937,November,SDN,0.76,0.5172275179103705
443,1937-12-31,1937,December,SDN,0.2,0.735509168550061
444,1938-01-31,1938,January,SDN,0.13,0.5094144007804838
445,1938-02-28,1938,February,SDN,0.48,-2.7692120402379774
446,1938-03-31,1938,March,SDN,0.13,0.9201762900968582
447,1938-04-30,1938,April,SDN,4.4,-0.8385515623023301
448,1938-05-31,1938,May,SDN,11.54,0.39994929142362456
449,1938-06-30,1938,June,SDN,20.62,0.9445580891051075
450,1938-07-31,1938,July,SDN,90.8,-1.758283864929511
451,1938-08-31,1938,August,SDN,106.62,-0.9528682359437012
452,1938-09-30,1938,September,SDN,54.24,-1.6404257498003427
453,1938-10-31,1938,October,SDN,9.35,0.7147714064542458
454,1938-11-30,1938,November,SDN,1.22,-0.09818256432330257
455,1938-12-31,1938,December,SDN,0.52,-0.3042467645006281
456,1939-01-31,1939,January,SDN,0.29,-0.17833056428996008
457,1939-02-28,1939,February,SDN,0.11,0.40400585178798193
458,1939-03-31,1939,March,SDN,0.64,-0.2645530831949662
459,1939-04-30,1939,April,SDN,7.62,-2.543574314124863
460,1939-05-31,1939,May,SDN,24.61,-1.6056562065873474
461,1939-06-30,1939,June,SDN,25.22,0.4038057723973995
462,1939-07-31,1939,July,SDN,71.54,-0.33921281948110715
463,1939-08-31,1939,August,SDN,92.2,-0.20037049651919708
464,1939-09-30,1939,September,SDN,61.8,-2.5621790016138535
465,1939-10-31,1939,October,SDN,17.76,-1.0193054344610144
466,1939-11-30,1939,November,SDN,0.96,0.24965791693920833
467,1939-12-31,1939,December,SDN,0.52,-0.3042467645006281
468,1940-01-31,1940,January,SDN,0.19,0.2515100388790673
469,1940-02-29,1940,February,SDN,0.27,-0.9681964798989197
470,1940-03-31,1940,March,SDN,0.5,0.06066674476749545
471,1940-04-30,1940,April,SDN,3.4,-0.3090413909288724
472,1940-05-31,1940,May,SDN,20.18,-0.9258679620434602
473,1940-06-30,1940,June,SDN,30.31,-0.19454842152482554
474,1940-07-31,1940,July,SDN,67.72,-0.0577563608303846
475,1940-08-31,1940,August,SDN,79.7,0.451933369140047
476,1940-09-30,1940,September,SDN,25.76,1.831999198830452
477,1940-10-31,1940,October,SDN,14.34,-0.31412793197228767
478,1940-11-30,1940,November,SDN,1.07,0.10249463640506898
479,1940-12-31,1940,December,SDN,0.46,-0.10929252705362391
480,1941-01-31,1941,January,SDN,0.19,0.2515100388790673
481,1941-02-28,1941,February,SDN,0.08,0.6612937889792759
482,1941-03-31,1941,March,SDN,0.25,0.6414164375576055
483,1941-04-30,1941,April,SDN,5.48,-1.4104225473856642
484,1941-05-31,1941,May,SDN,27.38,-2.0307156732660308
485,1941-06-30,1941,June,SDN,26.05,0.30623524568709537
486,1941-07-31,1941,July,SDN,58.25,0.639990409699023
487,1941-08-31,1941,August,SDN,83.52,0.25258930779458233
488,1941-09-30,1941,September,SDN,30.5,1.2540745409473775
489,1941-10-31,1941,October,SDN,9.83,0.6157991254031964
490,1941-11-30,1941,November,SDN,2.44,-1.7303571302473921
491,1941-12-31,1941,December,SDN,0.24,0.6055396769187249
492,1942-01-31,1942,January,SDN,0.09,0.6813506420480948
493,1942-02-28,1942,February,SDN,0.57,-3.541075851811859
494,1942-03-31,1942,March,SDN,0.55,-0.055483193790526644
495,1942-04-30,1942,April,SDN,0.82,1.0570948512146479
496,1942-05-31,1942,May,SDN,19.58,-0.8337973194415791
497,1942-06-30,1942,June,SDN,17.38,1.3254358078296675
498,1942-07-31,1942,July,SDN,91.5,-1.8098596557817377
499,1942-08-31,1942,August,SDN,96.92,-0.4466804361921276
500,1942-09-30,1942,September,SDN,28.85,1.4552508459066755
501,1942-10-31,1942,October,SDN,11.91,0.1869192408486494
502,1942-11-30,1942,November,SDN,0.73,0.5573629580560449
503,1942-12-31,1942,December,SDN,0.17,0.832986287273563
504,1943-01-31,1943,January,SDN,0.09,0.6813506420480948
505,1943-02-28,1943,February,SDN,0.11,0.40400585178798193
506,1943-03-31,1943,March,SDN,0.77,-0.5665429234458234
507,1943-04-30,1943,April,SDN,0.65,1.1471115803481358
508,1943-05-31,1943,May,SDN,10.92,0.495088955445568
509,1943-06-30,1943,June,SDN,20.8,0.923398215842632
510,1943-07-31,1943,July,SDN,72.94,-0.4423644011855596
511,1943-08-31,1943,August,SDN,88.74,-0.019812786504717916
512,1943-09-30,1943,September,SDN,41.97,-0.1444055911030161
513,1943-10-31,1943,October,SDN,23.71,-2.246149334989646
514,1943-11-30,1943,November,SDN,1.17,-0.031290164080511954
515,1943-12-31,1943,December,SDN,0.51,-0.2717543915927941
516,1944-01-31,1944,January,SDN,0.38,-0.565187107142085
517,1944-02-29,1944,February,SDN,0.08,0.6612937889792759
518,1944-03-31,1944,March,SDN,1.54,-2.3552519772393623
519,1944-04-30,1944,April,SDN,2.64,0.09338633931495519
520,1944-05-31,1944,May,SDN,10.26,0.596366662307637
521,1944-06-30,1944,June,SDN,27.01,0.1933825882872257
522,1944-07-31,1944,July,SDN,87.72,-1.5313503851797143
523,1944-08-31,1944,August,SDN,76.92,0.5970057488626629
524,1944-09-30,1944,September,SDN,41.17,-0.046865564456084016
525,1944-10-31,1944,October,SDN,12.07,0.1539284804982996
526,1944-11-30,1944,November,SDN,1.57,-0.5664293660228366
527,1944-12-31,1944,December,SDN,0.25,0.5730473040108909
528,1945-01-31,1945,January,SDN,0.28,-0.13534650397305753
529,1945-02-28,1945,February,SDN,0.18,-0.19633266832503737
530,1945-03-31,1945,March,SDN,0.34,0.43234654815316576
531,1945-04-30,1945,April,SDN,1.21,0.8505858843789995
532,1945-05-31,1945,May,SDN,36.2,-3.3841541195136804
533,1945-06-30,1945,June,SDN,22.31,0.7458903901407541
534,1945-07-31,1945,July,SDN,58.96,0.5876778218346217
535,1945-08-31,1945,August,SDN,101.05,-0.6622016334059416
536,1945-09-30,1945,September,SDN,43.47,-0.3272931410660144
537,1945-10-31,1945,October,SDN,16.55,-0.769812809311494
538,1945-11-30,1945,November,SDN,1.59,-0.5931863261199528
539,1945-12-31,1945,December,SDN,0.22,0.6705244227343929
540,1946-01-31,1946,January,SDN,0.37,-0.5222030468251821
541,1946-02-28,1946,February,SDN,0.25,-0.7966711884380568
542,1946-03-31,1946,March,SDN,1.0,-1.1008326408127245
543,1946-04-30,1946,April,SDN,4.92,-1.1138968514165277
544,1946-05-31,1946,May,SDN,9.27,0.7482832226007405
545,1946-06-30,1946,June,SDN,47.13,-2.171821023051707
546,1946-07-31,1946,July,SDN,83.2,-1.198318135676766
547,1946-08-31,1946,August,SDN,117.68,-1.5300266962790003
548,1946-09-30,1946,September,SDN,53.77,-1.58312098414527
549,1946-10-31,1946,October,SDN,17.61,-0.9883765966325609
550,1946-11-30,1946,November,SDN,2.02,-1.1684609682079516
551,1946-12-31,1946,December,SDN,0.34,0.2806159478403845
552,1947-01-31,1947,January,SDN,0.26,-0.04937838333925196
553,1947-02-28,1947,February,SDN,0.11,0.40400585178798193
554,1947-03-31,1947,March,SDN,0.1,0.9898662532316714
555,1947-04-30,1947,April,SDN,4.41,-0.8438466640160646
556,1947-05-31,1947,May,SDN,26.19,-1.8481088987723007
557,1947-06-30,1947,June,SDN,20.73,0.9316270554447059
558,1947-07-31,1947,July,SDN,67.29,-0.026074089306874555
559,1947-08-31,1947,August,SDN,79.28,0.47385077902619765
560,1947-09-30,1947,September,SDN,50.85,-1.2270998868839664
561,1947-10-31,1947,October,SDN,10.97,0.3807399579069542
562,1947-11-30,1947,November,SDN,2.2,-1.4092736090819977
563,1947-12-31,1947,December,SDN,0.38,0.15064645620904843
564,1948-01-31,1948,January,SDN,0.68,-1.8547089166491677
565,1948-02-29,1948,February,SDN,0.15,0.06095526886625662
566,1948-03-31,1948,March,SDN,0.11,0.966636265520067
567,1948-04-30,1948,April,SDN,2.86,-0.02310589838720533
568,1948-05-31,1948,May,SDN,19.19,-0.773951401750357
569,1948-06-30,1948,June,SDN,40.14,-1.3501126113589068
570,1948-07-31,1948,July,SDN,59.34,0.5596795353719842
571,1948-08-31,1948,August,SDN,84.05,0.22493162389063034
572,1948-09-30,1948,September,SDN,31.72,1.1053260003108056
573,1948-10-31,1948,October,SDN,7.44,1.108598608136546
574,1948-11-30,1948,November,SDN,0.45,0.931960399415672
575,1948-12-31,1948,December,SDN,0.28,0.4755701852873887
576,1949-01-31,1949,January,SDN,0.14,0.46643034046358106
577,1949-02-28,1949,February,SDN,0.18,-0.19633266832503737
578,1949-03-31,1949,March,SDN,0.95,-0.9846827022547023
579,1949-04-30,1949,April,SDN,0.7,1.1206360717794628
580,1949-05-31,1949,May,SDN,25.8,-1.788262981081078
581,1949-06-30,1949,June,SDN,22.78,0.690639609955401
582,1949-07-31,1949,July,SDN,50.08,1.2419535686457244
583,1949-08-31,1949,August,SDN,81.45,0.3606108279477528
584,1949-09-30,1949,September,SDN,36.27,0.550567098756377
585,1949-10-31,1949,October,SDN,16.09,-0.6749643733042382
586,1949-11-30,1949,November,SDN,1.0,0.19614399674497585
587,1949-12-31,1949,December,SDN,0.71,-0.9216018497494746
588,1950-01-31,1950,January,SDN,0.07,0.7673187626819004
589,1950-02-28,1950,February,SDN,0.09,0.5755311432488446
590,1950-03-31,1950,March,SDN,0.19,0.7807963638272318
591,1950-04-30,1950,April,SDN,7.7,-2.5859351278347398
592,1950-05-31,1950,May,SDN,20.76,-1.0148695832252788
593,1950-06-30,1950,June,SDN,22.65,0.7059217406449669
594,1950-07-31,1950,July,SDN,98.13,-2.2983560748535403
595,1950-08-31,1950,August,SDN,119.9,-1.645875862820082
596,1950-09-30,1950,September,SDN,52.98,-1.4868002078314235
597,1950-10-31,1950,October,SDN,8.36,0.918901736122035
598,1950-11-30,1950,November,SDN,0.31,1.1192591200954856
599,1950-12-31,1950,December,SDN,0.34,0.2806159478403845
600,1951-01-31,1951,January,SDN,0.1,0.6383665817311921
601,1951-02-28,1951,February,SDN,0.09,0.5755311432488446
602,1951-03-31,1951,March,SDN,0.2,0.7575663761156274
603,1951-04-30,1951,April,SDN,0.22,1.3748009540387223
604,1951-05-31,1951,May,SDN,22.15,-1.2281665719196355
605,1951-06-30,1951,June,SDN,21.59,0.8305298831906561
606,1951-07-31,1951,July,SDN,61.58,0.3946370046448597
607,1951-08-31,1951,August,SDN,86.94,0.07411897015021308
608,1951-09-30,1951,September,SDN,50.1,-1.1356561119024673
609,1951-10-31,1951,October,SDN,21.97,-1.887374816179592
610,1951-11-30,1951,November,SDN,2.54,-1.8641419307329734
611,1951-12-31,1951,December,SDN,0.32,0.3456006936560526
612,1952-01-31,1952,January,SDN,0.11,0.5953825214142894
613,1952-02-29,1952,February,SDN,0.12,0.31824320605755063
614,1952-03-31,1952,March,SDN,0.23,0.6878764129808143
615,1952-04-30,1952,April,SDN,1.98,0.4428630524214372
616,1952-05-31,1952,May,SDN,8.68,0.83881935449259
617,1952-06-30,1952,June,SDN,19.52,1.0738684257091249
618,1952-07-31,1952,July,SDN,55.88,0.8146113015844183
619,1952-08-31,1952,August,SDN,120.64,-1.684492251667109
620,1952-09-30,1952,September,SDN,49.44,-1.0551855899187474
621,1952-10-31,1952,October,SDN,15.08,-0.4667101985926554
622,1952-11-30,1952,November,SDN,0.55,0.7981755989300908
623,1952-12-31,1952,December,SDN,0.49,-0.20676964577712592
624,1953-01-31,1953,January,SDN,0.08,0.7243347023649975
625,1953-02-28,1953,February,SDN,0.11,0.40400585178798193
626,1953-03-31,1953,March,SDN,0.18,0.8040263515388362
627,1953-04-30,1953,April,SDN,2.25,0.29989530615060367
628,1953-05-31,1953,May,SDN,26.05,-1.8266257488318616
629,1953-06-30,1953,June,SDN,37.58,-1.049172191625921
630,1953-07-31,1953,July,SDN,88.35,-1.577768596946718
631,1953-08-31,1953,August,SDN,113.16,-1.2941536184566171
632,1953-09-30,1953,September,SDN,42.45,-0.20292960709117605
633,1953-10-31,1953,October,SDN,13.24,-0.08731645456363307
634,1953-11-30,1953,November,SDN,1.73,-0.7804850467997663
635,1953-12-31,1953,December,SDN,0.23,0.6380320498265589
636,1954-01-31,1954,January,SDN,0.06,0.8103028229988031
637,1954-02-28,1954,February,SDN,0.21,-0.4536206055163314
638,1954-03-31,1954,March,SDN,0.4,0.2929666218835394
639,1954-04-30,1954,April,SDN,3.6,-0.414943425203564
640,1954-05-31,1954,May,SDN,15.87,-0.26449384601994913
641,1954-06-30,1954,June,SDN,25.41,0.3814703506203418
642,1954-07-31,1954,July,SDN,87.87,-1.5424023403623348
643,1954-08-31,1954,August,SDN,107.61,-1.004530702103913
644,1954-09-30,1954,September,SDN,46.09,-0.6467367283347186
645,1954-10-31,1954,October,SDN,11.54,0.2632103741588334
646,1954-11-30,1954,November,SDN,0.3,1.1326376001440437
647,1954-12-31,1954,December,SDN,0.4,0.08566171039338029
648,1955-01-31,1955,January,SDN,0.12,0.5523984610973867
649,1955-02-28,1955,February,SDN,0.09,0.5755311432488446
650,1955-03-31,1955,March,SDN,0.47,0.13035670790230872
651,1955-04-30,1955,April,SDN,5.71,-1.5322098868015592
652,1955-05-31,1955,May,SDN,12.48,0.25570528468067766
653,1955-06-30,1955,June,SDN,36.26,-0.8939997877011003
654,1955-07-31,1955,July,SDN,64.61,0.17138750995593613
655,1955-08-31,1955,August,SDN,82.65,0.2979896568444652
656,1955-09-30,1955,September,SDN,54.48,-1.6696877577944218
657,1955-10-31,1955,October,SDN,12.3,0.10650426249467171
658,1955-11-30,1955,November,SDN,1.41,-0.3523736852459066
659,1955-12-31,1955,December,SDN,0.35,0.2481235749325506
660,1956-01-31,1956,January,SDN,0.11,0.5953825214142894
661,1956-02-29,1956,February,SDN,0.09,0.5755311432488446
662,1956-03-31,1956,March,SDN,0.64,-0.2645530831949662
663,1956-04-30,1956,April,SDN,2.01,0.4269777472802336
664,1956-05-31,1956,May,SDN,6.93,1.107358728748076
665,1956-06-30,1956,June,SDN,29.91,-0.14752648094154674
666,1956-07-31,1956,July,SDN,87.17,-1.490826549510108
667,1956-08-31,1956,August,SDN,122.74,-1.7940793010978617
668,1956-09-30,1956,September,SDN,55.97,-1.8513560574243337
669,1956-10-31,1956,October,SDN,10.92,0.3910495705164386
670,1956-11-30,1956,November,SDN,0.59,0.7446616787358584
671,1956-12-31,1956,December,SDN,0.57,-0.4667086290397981
672,1957-01-31,1957,January,SDN,0.18,0.29449409919597014
673,1957-02-28,1957,February,SDN,0.27,-0.9681964798989197
674,1957-03-31,1957,March,SDN,1.84,-3.052151608587494
675,1957-04-30,1957,April,SDN,1.86,0.506404272986252
676,1957-05-31,1957,May,SDN,19.62,-0.839935362281705
677,1957-06-30,1957,June,SDN,33.14,-0.5272286511515246
678,1957-07-31,1957,July,SDN,67.43,-0.036389247477319905
679,1957-08-31,1957,August,SDN,93.27,-0.256207707419628
680,1957-09-30,1957,September,SDN,43.1,-0.28218087874180847
681,1957-10-31,1957,October,SDN,12.43,0.07969926971001273
682,1957-11-30,1957,November,SDN,2.07,-1.2353533684507418
683,1957-12-31,1957,December,SDN,0.36,0.21563120202471656
684,1958-01-31,1958,January,SDN,0.17,0.3374781595128728
685,1958-02-28,1958,February,SDN,0.08,0.6612937889792759
686,1958-03-31,1958,March,SDN,0.13,0.9201762900968582
687,1958-04-30,1958,April,SDN,6.76,-2.0881955667436896
688,1958-05-31,1958,May,SDN,10.91,0.4966234661555994
689,1958-06-30,1958,June,SDN,43.66,-1.7639056884917614
690,1958-07-31,1958,July,SDN,97.81,-2.2747785704639516
691,1958-08-31,1958,August,SDN,78.3,0.5249914020938826
692,1958-09-30,1958,September,SDN,34.38,0.7810054117097549
693,1958-10-31,1958,October,SDN,8.13,0.9663259541256626
694,1958-11-30,1958,November,SDN,1.54,-0.5262939258771622
695,1958-12-31,1958,December,SDN,0.41,0.053169337485546406
696,1959-01-31,1959,January,SDN,0.14,0.46643034046358106
697,1959-02-28,1959,February,SDN,0.18,-0.19633266832503737
698,1959-03-31,1959,March,SDN,0.29,0.5484964867111879
699,1959-04-30,1959,April,SDN,3.31,-0.2613854755052613
700,1959-05-31,1959,May,SDN,8.83,0.8158016938421198
701,1959-06-30,1959,June,SDN,20.73,0.9316270554447059
702,1959-07-31,1959,July,SDN,62.56,0.32243089745174225
703,1959-08-31,1959,August,SDN,123.29,-1.822780671186869
704,1959-09-30,1959,September,SDN,51.1,-1.2575811452111327
705,1959-10-31,1959,October,SDN,10.83,0.40960687321351036
706,1959-11-30,1959,November,SDN,1.12,0.03560223616227837
707,1959-12-31,1959,December,SDN,0.92,-1.6039416808139897
708,1960-01-31,1960,January,SDN,0.1,0.6383665817311921
709,1960-02-29,1960,February,SDN,0.08,0.6612937889792759
710,1960-03-31,1960,March,SDN,0.44,0.20004667103712184
711,1960-04-30,1960,April,SDN,2.82,-0.001925491532267013
712,1960-05-31,1960,May,SDN,8.47,0.8710440794032482
713,1960-06-30,1960,June,SDN,22.66,0.7047461921303848
714,1960-07-31,1960,July,SDN,69.62,-0.19774779314357135
715,1960-08-31,1960,August,SDN,60.65,1.446044460404735
716,1960-09-30,1960,September,SDN,47.6,-0.8308435286308034
717,1960-10-31,1960,October,SDN,15.36,-0.5244440292057674
718,1960-11-30,1960,November,SDN,0.66,0.6510123183959516
719,1960-12-31,1960,December,SDN,0.29,0.4430778123795548
720,1961-01-31,1961,January,SDN,0.46,-0.909059589677307
721,1961-02-28,1961,February,SDN,0.2,-0.3678579597859002
722,1961-03-31,1961,March,SDN,0.15,0.8737163146736493
723,1961-04-30,1961,April,SDN,0.82,1.0570948512146479
724,1961-05-31,1961,May,SDN,3.68,1.6060747095082641
725,1961-06-30,1961,June,SDN,42.66,-1.646350837033564
726,1961-07-31,1961,July,SDN,88.17,-1.5645062507275744
727,1961-08-31,1961,August,SDN,116.24,-1.4548812909550548
728,1961-09-30,1961,September,SDN,31.56,1.1248340056401922
729,1961-10-31,1961,October,SDN,10.67,0.4425976335638601
730,1961-11-30,1961,November,SDN,2.07,-1.2353533684507418
731,1961-12-31,1961,December,SDN,0.9,-1.5389569349983214
732,1962-01-31,1962,January,SDN,0.27,-0.09236244365615474
733,1962-02-28,1962,February,SDN,0.08,0.6612937889792759
734,1962-03-31,1962,March,SDN,0.93,-0.9382227268314938
735,1962-04-30,1962,April,SDN,1.49,0.7023230363944314
736,1962-05-31,1962,May,SDN,3.72,1.5999366666681385
737,1962-06-30,1962,June,SDN,39.05,-1.2219778232694711
738,1962-07-31,1962,July,SDN,69.7,-0.20364216924096853
739,1962-08-31,1962,August,SDN,116.53,-1.4700147406383497
740,1962-09-30,1962,September,SDN,45.56,-0.5821164606811258
741,1962-10-31,1962,October,SDN,17.95,-1.0584819623770543
742,1962-11-30,1962,November,SDN,3.73,-3.4561810565113884
743,1962-12-31,1962,December,SDN,0.63,-0.6616628664868025
744,1963-01-31,1963,January,SDN,0.26,-0.04937838333925196
745,1963-02-28,1963,February,SDN,0.25,-0.7966711884380568
746,1963-03-31,1963,March,SDN,0.13,0.9201762900968582
747,1963-04-30,1963,April,SDN,6.74,-2.0776053633162204
748,1963-05-31,1963,May,SDN,26.39,-1.8787991129729276
749,1963-06-30,1963,June,SDN,23.86,0.563680370380548
750,1963-07-31,1963,July,SDN,75.75,-0.6494043616066406
751,1963-08-31,1963,August,SDN,82.55,0.3032080877697396
752,1963-09-30,1963,September,SDN,40.76,0.0031236992004693076
753,1963-10-31,1963,October,SDN,12.51,0.06320388953483783
754,1963-11-30,1963,November,SDN,2.86,-2.2922532922868326
755,1963-12-31,1963,December,SDN,0.38,0.15064645620904843
756,1964-01-31,1964,January,SDN,0.1,0.6383665817311921
757,1964-02-29,1964,February,SDN,0.06,0.8328190804401386
758,1964-03-31,1964,March,SDN,0.11,0.966636265520067
759,1964-04-30,1964,April,SDN,3.31,-0.2613854755052613
760,1964-05-31,1964,May,SDN,5.99,1.2516027354910226
761,1964-06-30,1964,June,SDN,26.0,0.31211298826000533
762,1964-07-31,1964,July,SDN,84.66,-1.3058904994542668
763,1964-08-31,1964,August,SDN,123.81,-1.8499165119982934
764,1964-09-30,1964,September,SDN,37.47,0.40425705878597884
765,1964-10-31,1964,October,SDN,19.4,-1.3574607280520987
766,1964-11-30,1964,November,SDN,0.56,0.7847971188815327
767,1964-12-31,1964,December,SDN,1.03,-1.961357782800164
768,1965-01-31,1965,January,SDN,0.05,0.8532868833157059
769,1965-02-28,1965,February,SDN,0.06,0.8328190804401386
770,1965-03-31,1965,March,SDN,1.05,-1.2169825793707465
771,1965-04-30,1965,April,SDN,0.85,1.041209546073444
772,1965-05-31,1965,May,SDN,3.52,1.6306268808687656
773,1965-06-30,1965,June,SDN,30.15,-0.17573964529151395
774,1965-07-31,1965,July,SDN,67.13,-0.014285337112079122
775,1965-08-31,1965,August,SDN,111.31,-1.1976126463390493
776,1965-09-30,1965,September,SDN,35.24,0.6761498830643026
777,1965-10-31,1965,October,SDN,13.65,-0.17185527796140437
778,1965-11-30,1965,November,SDN,2.07,-1.2353533684507418
779,1965-12-31,1965,December,SDN,0.28,0.4755701852873887
780,1966-01-31,1966,January,SDN,0.12,0.5523984610973867
781,1966-02-28,1966,February,SDN,0.07,0.7470564347097072
782,1966-03-31,1966,March,SDN,1.65,-2.6107818420670106
783,1966-04-30,1966,April,SDN,2.97,-0.08135201723828582
784,1966-05-31,1966,May,SDN,26.96,-1.9662662234447144
785,1966-06-30,1966,June,SDN,30.87,-0.2603791383414164
786,1966-07-31,1966,July,SDN,44.42,1.6589806775365843
787,1966-08-31,1966,August,SDN,79.1,0.4832439546916911
788,1966-09-30,1966,September,SDN,42.28,-0.1822023514287027
789,1966-10-31,1966,October,SDN,13.54,-0.14917413022053866
790,1966-11-30,1966,November,SDN,2.59,-1.9310343309757636
791,1966-12-31,1966,December,SDN,0.36,0.21563120202471656
792,1967-01-31,1967,January,SDN,0.09,0.6813506420480948
793,1967-02-28,1967,February,SDN,0.09,0.5755311432488446
794,1967-03-31,1967,March,SDN,0.19,0.7807963638272318
795,1967-04-30,1967,April,SDN,5.45,-1.3945372422444604
796,1967-05-31,1967,May,SDN,4.4,1.495589938386007
797,1967-06-30,1967,June,SDN,34.58,-0.6965076372513287
798,1967-07-31,1967,July,SDN,57.41,0.7018813587216951
799,1967-08-31,1967,August,SDN,110.42,-1.1511686111041113
800,1967-09-30,1967,September,SDN,35.55,0.6383531227386169
801,1967-10-31,1967,October,SDN,16.17,-0.6914597534794135
802,1967-11-30,1967,November,SDN,0.96,0.24965791693920833
803,1967-12-31,1967,December,SDN,0.29,0.4430778123795548
804,1968-01-31,1968,January,SDN,0.08,0.7243347023649975
805,1968-02-29,1968,February,SDN,0.29,-1.139721771359782
806,1968-03-31,1968,March,SDN,0.13,0.9201762900968582
807,1968-04-30,1968,April,SDN,2.1,0.37932183185662227
808,1968-05-31,1968,May,SDN,10.13,0.6163153015380444
809,1968-06-30,1968,June,SDN,58.81,-3.5448616880834534
810,1968-07-31,1968,July,SDN,74.31,-0.543305591853489
811,1968-08-31,1968,August,SDN,72.28,0.8391409437953744
812,1968-09-30,1968,September,SDN,31.67,1.1114222519762387
813,1968-10-31,1968,October,SDN,6.51,1.300357402672954
814,1968-11-30,1968,November,SDN,1.66,-0.6868356864598594
815,1968-12-31,1968,December,SDN,0.1,1.0604328976284014
816,1969-01-31,1969,January,SDN,0.23,0.07957379761145629
817,1969-02-28,1969,February,SDN,0.43,-2.3403988115858207
818,1969-03-31,1969,March,SDN,1.58,-2.44817192808578
819,1969-04-30,1969,April,SDN,6.53,-1.9664082273277945
820,1969-05-31,1969,May,SDN,8.9,0.8050601188719003
821,1969-06-30,1969,June,SDN,31.39,-0.32150766109967904
822,1969-07-31,1969,July,SDN,44.8,1.6309823910739474
823,1969-08-31,1969,August,SDN,78.92,0.49263713035718387
824,1969-09-30,1969,September,SDN,36.4,0.534716844426251
825,1969-10-31,1969,October,SDN,8.92,0.8034340748958108
826,1969-11-30,1969,November,SDN,0.36,1.052366719852695
827,1969-12-31,1969,December,SDN,0.33,0.31310832074821854
828,1970-01-31,1970,January,SDN,0.08,0.7243347023649975
829,1970-02-28,1970,February,SDN,0.25,-0.7966711884380568
830,1970-03-31,1970,March,SDN,0.57,-0.10194316921373522
831,1970-04-30,1970,April,SDN,1.71,0.5858307986922707
832,1970-05-31,1970,May,SDN,10.66,0.5349862339063831
833,1970-06-30,1970,June,SDN,12.92,1.8497304453332282
834,1970-07-31,1970,July,SDN,69.96,-0.22279889155750915
835,1970-08-31,1970,August,SDN,81.39,0.3637418865029173
836,1970-09-30,1970,September,SDN,44.54,-0.4577529267062866
837,1970-10-31,1970,October,SDN,16.42,-0.743007816526835
838,1970-11-30,1970,November,SDN,0.23,1.2262869604839504
839,1970-12-31,1970,December,SDN,0.71,-0.9216018497494746
840,1971-01-31,1971,January,SDN,0.52,-1.1669639515787236
841,1971-02-28,1971,February,SDN,0.14,0.1467179145966878
842,1971-03-31,1971,March,SDN,0.77,-0.5665429234458234
843,1971-04-30,1971,April,SDN,1.27,0.818815274096592
844,1971-05-31,1971,May,SDN,9.55,0.7053169227198626
845,1971-06-30,1971,June,SDN,22.18,0.7611725208303196
846,1971-07-31,1971,July,SDN,65.5,0.10581257587239092
847,1971-08-31,1971,August,SDN,77.17,0.583959671549478
848,1971-09-30,1971,September,SDN,41.16,-0.04564631412299673
849,1971-10-31,1971,October,SDN,8.54,0.8817871307278916
850,1971-11-30,1971,November,SDN,0.9,0.3299287972305569
851,1971-12-31,1971,December,SDN,0.07,1.1579100163519036
852,1972-01-31,1972,January,SDN,0.24,0.03658973729455362
853,1972-02-29,1972,February,SDN,0.09,0.5755311432488446
854,1972-03-31,1972,March,SDN,0.14,0.8969463023852537
855,1972-04-30,1972,April,SDN,4.61,-0.9497486982907561
856,1972-05-31,1972,May,SDN,18.63,-0.6880188019886011
857,1972-06-30,1972,June,SDN,32.36,-0.43553586701413044
858,1972-07-31,1972,July,SDN,52.71,1.0481759544437872
859,1972-08-31,1972,August,SDN,70.88,0.91219897674921
860,1972-09-30,1972,September,SDN,36.23,0.5554441000887244
861,1972-10-31,1972,October,SDN,14.4,-0.3264994671036689
862,1972-11-30,1972,November,SDN,0.43,0.9587173595127882
863,1972-12-31,1972,December,SDN,0.19,0.7680015414578951
864,1973-01-31,1973,January,SDN,0.07,0.7673187626819004
865,1973-02-28,1973,February,SDN,0.13,0.23248056032711922
866,1973-03-31,1973,March,SDN,0.4,0.2929666218835394
867,1973-04-30,1973,April,SDN,6.38,-1.8869817016217758
868,1973-05-31,1973,May,SDN,14.99,-0.12945690353719067
869,1973-06-30,1973,June,SDN,15.61,1.533507894910677
870,1973-07-31,1973,July,SDN,55.15,0.8683974834731691
871,1973-08-31,1973,August,SDN,51.03,1.9480575154160893
872,1973-09-30,1973,September,SDN,43.16,-0.2894963807403278
873,1973-10-31,1973,October,SDN,10.64,0.44878340112955056
874,1973-11-30,1973,November,SDN,0.33,1.0925021599983693
875,1973-12-31,1973,December,SDN,0.33,0.31310832074821854
876,1974-01-31,1974,January,SDN,0.25,-0.006394323022349167
877,1974-02-28,1974,February,SDN,0.08,0.6612937889792759
878,1974-03-31,1974,March,SDN,0.67,-0.3342430463297794
879,1974-04-30,1974,April,SDN,2.1,0.37932183185662227
880,1974-05-31,1974,May,SDN,14.17,-0.0036270253146200673
881,1974-06-30,1974,June,SDN,30.66,-0.23569261953519482
882,1974-07-31,1974,July,SDN,84.28,-1.27789221299163
883,1974-08-31,1974,August,SDN,73.28,0.7869566345426349
884,1974-09-30,1974,September,SDN,38.67,0.25794701881557985
885,1974-10-31,1974,October,SDN,6.83,1.2343758819722546
886,1974-11-30,1974,November,SDN,0.4,0.9988527996584625
887,1974-12-31,1974,December,SDN,0.17,0.832986287273563
888,1975-01-31,1975,January,SDN,0.22,0.12255785792835908
889,1975-02-28,1975,February,SDN,0.19,-0.2820953140554688
890,1975-03-31,1975,March,SDN,0.22,0.7111064006924187
891,1975-04-30,1975,April,SDN,1.83,0.5222895781274558
892,1975-05-31,1975,May,SDN,5.62,1.3083796317621825
893,1975-06-30,1975,June,SDN,27.86,0.09346096454775814
894,1975-07-31,1975,July,SDN,53.37,0.9995473516402597
895,1975-08-31,1975,August,SDN,95.07,-0.35013946407455904
896,1975-09-30,1975,September,SDN,51.17,-1.2661158975427393
897,1975-10-31,1975,October,SDN,4.73,1.6673796115705952
898,1975-11-30,1975,November,SDN,1.22,-0.09818256432330257
899,1975-12-31,1975,December,SDN,0.4,0.08566171039338029
900,1976-01-31,1976,January,SDN,0.06,0.8103028229988031
901,1976-02-29,1976,February,SDN,0.15,0.06095526886625662
902,1976-03-31,1976,March,SDN,0.91,-0.891762751408285
903,1976-04-30,1976,April,SDN,3.75,-0.4943699509095826
904,1976-05-31,1976,May,SDN,6.96,1.1027551966179818
905,1976-06-30,1976,June,SDN,23.63,0.5907179862159334
906,1976-07-31,1976,July,SDN,69.72,-0.20511576326531758
907,1976-08-31,1976,August,SDN,59.42,1.5102311607856047
908,1976-09-30,1976,September,SDN,39.48,0.15918774183556134
909,1976-10-31,1976,October,SDN,22.76,-2.0502666954094444
910,1976-11-30,1976,November,SDN,3.18,-2.7203646538406927
911,1976-12-31,1976,December,SDN,0.2,0.735509168550061
912,1977-01-31,1977,January,SDN,0.05,0.8532868833157059
913,1977-02-28,1977,February,SDN,0.06,0.8328190804401386
914,1977-03-31,1977,March,SDN,0.16,0.850486326962045
915,1977-04-30,1977,April,SDN,0.38,1.2900793266189692
916,1977-05-31,1977,May,SDN,17.91,-0.5775340308663443
917,1977-06-30,1977,June,SDN,25.12,0.415561257543219
918,1977-07-31,1977,July,SDN,61.85,0.3747434853161435
919,1977-08-31,1977,August,SDN,86.99,0.07150975468757625
920,1977-09-30,1977,September,SDN,29.43,1.3845343265876497
921,1977-10-31,1977,October,SDN,12.19,0.12918541023553742
922,1977-11-30,1977,November,SDN,0.46,0.9185819193671139
923,1977-12-31,1977,December,SDN,0.32,0.3456006936560526
924,1978-01-31,1978,January,SDN,0.07,0.7673187626819004
925,1978-02-28,1978,February,SDN,0.07,0.7470564347097072
926,1978-03-31,1978,March,SDN,0.59,-0.14840314463694407
927,1978-04-30,1978,April,SDN,4.2,-0.7326495280276385
928,1978-05-31,1978,May,SDN,11.62,0.38767320574337377
929,1978-06-30,1978,June,SDN,26.5,0.2533355625309066
930,1978-07-31,1978,July,SDN,87.03,-1.4805113913396626
931,1978-08-31,1978,August,SDN,87.73,0.03289336584054853
932,1978-09-30,1978,September,SDN,37.24,0.4322998164469715
933,1978-10-31,1978,October,SDN,21.45,-1.7801548450409554
934,1978-11-30,1978,November,SDN,0.41,0.9854743196099045
935,1978-12-31,1978,December,SDN,0.91,-1.5714493079061556
936,1979-01-31,1979,January,SDN,0.55,-1.295916132529432
937,1979-02-28,1979,February,SDN,0.21,-0.4536206055163314
938,1979-03-31,1979,March,SDN,0.26,0.618186449846001
939,1979-04-30,1979,April,SDN,7.88,-2.681246958681962
940,1979-05-31,1979,May,SDN,17.25,-0.47625632400427526
941,1979-06-30,1979,June,SDN,35.71,-0.8293446193990921
942,1979-07-31,1979,July,SDN,55.98,0.8072433314626721
943,1979-08-31,1979,August,SDN,79.2,0.47802552376641677
944,1979-09-30,1979,September,SDN,30.65,1.235785785951078
945,1979-10-31,1979,October,SDN,12.14,0.13949502284502152
946,1979-11-30,1979,November,SDN,1.1,0.062359196259394616
947,1979-12-31,1979,December,SDN,0.12,0.9954481518127334
948,1980-01-31,1980,January,SDN,0.07,0.7673187626819004
949,1980-02-29,1980,February,SDN,0.12,0.31824320605755063
950,1980-03-31,1980,March,SDN,0.57,-0.10194316921373522
951,1980-04-30,1980,April,SDN,1.63,0.6281916124021474
952,1980-05-31,1980,May,SDN,15.8,-0.2537522710497299
953,1980-06-30,1980,June,SDN,36.06,-0.8704888174094614
954,1980-07-31,1980,July,SDN,84.18,-1.2705242428698835
955,1980-08-31,1980,August,SDN,68.48,1.0374413189557845
956,1980-09-30,1980,September,SDN,27.71,1.5942453838785542
957,1980-10-31,1980,October,SDN,8.32,0.9271494262096223
958,1980-11-30,1980,November,SDN,0.58,0.7580401587844166
959,1980-12-31,1980,December,SDN,0.26,0.5405549311030569
960,1981-01-31,1981,January,SDN,0.06,0.8103028229988031
961,1981-02-28,1981,February,SDN,0.07,0.7470564347097072
962,1981-03-31,1981,March,SDN,1.82,-3.005691633164285
963,1981-04-30,1981,April,SDN,2.62,0.10397654274242435
964,1981-05-31,1981,May,SDN,13.23,0.14061698142832657
965,1981-06-30,1981,June,SDN,27.45,0.1416584536456191
966,1981-07-31,1981,July,SDN,75.28,-0.6147749020344314
967,1981-08-31,1981,August,SDN,56.03,1.6871359691523917
968,1981-09-30,1981,September,SDN,41.5,-0.08710082544794344
969,1981-10-31,1981,October,SDN,14.96,-0.4419671283298932
970,1981-11-30,1981,November,SDN,0.35,1.065745199901253
971,1981-12-31,1981,December,SDN,0.35,0.2481235749325506
972,1982-01-31,1982,January,SDN,0.06,0.8103028229988031
973,1982-02-28,1982,February,SDN,0.09,0.5755311432488446
974,1982-03-31,1982,March,SDN,0.68,-0.35747303404138386
975,1982-04-30,1982,April,SDN,2.73,0.04573042389134409
976,1982-05-31,1982,May,SDN,8.81,0.8188707152621824
977,1982-06-30,1982,June,SDN,17.62,1.2972226434796998
978,1982-07-31,1982,July,SDN,39.38,2.0303263716726154
979,1982-08-31,1982,August,SDN,74.61,0.7175515032364913
980,1982-09-30,1982,September,SDN,31.01,1.1918927739599579
981,1982-10-31,1982,October,SDN,14.6,-0.367737917541606
982,1982-11-30,1982,November,SDN,1.12,0.03560223616227837
983,1982-12-31,1982,December,SDN,0.13,0.9629557789048993
984,1983-01-31,1983,January,SDN,0.07,0.7673187626819004
985,1983-02-28,1983,February,SDN,0.07,0.7470564347097072
986,1983-03-31,1983,March,SDN,0.1,0.9898662532316714
987,1983-04-30,1983,April,SDN,0.28,1.3430303437563147
988,1983-05-31,1983,May,SDN,5.16,1.3789671244236246
989,1983-06-30,1983,June,SDN,31.52,-0.33678979178924456
990,1983-07-31,1983,July,SDN,47.85,1.4062593023606744
991,1983-08-31,1983,August,SDN,59.8,1.4904011232695638
992,1983-09-30,1983,September,SDN,32.23,1.0431442333233865
993,1983-10-31,1983,October,SDN,3.08,2.007596827683577
994,1983-11-30,1983,November,SDN,0.85,0.39682119747334754
995,1983-12-31,1983,December,SDN,0.06,1.1904023892597375
996,1984-01-31,1984,January,SDN,0.16,0.38046221982977557
997,1984-02-29,1984,February,SDN,0.17,-0.11057002259460622
998,1984-03-31,1984,March,SDN,0.12,0.9434062778084626
999,1984-04-30,1984,April,SDN,0.48,1.2371283094816234
1000,1984-05-31,1984,May,SDN,9.89,0.6531435585787968
1001,1984-06-30,1984,June,SDN,14.18,1.7016113324958992
1002,1984-07-31,1984,July,SDN,36.11,2.271258994653731
1003,1984-08-31,1984,August,SDN,33.81,2.8466713207482637
1004,1984-09-30,1984,September,SDN,27.52,1.617411140207201
1005,1984-10-31,1984,October,SDN,4.99,1.6137696260012768
1006,1984-11-30,1984,November,SDN,0.47,0.9052034393185557
1007,1984-12-31,1984,December,SDN,0.58,-0.4992010019476321
1008,1985-01-31,1985,January,SDN,0.25,-0.006394323022349167
1009,1985-02-28,1985,February,SDN,0.07,0.7470564347097072
1010,1985-03-31,1985,March,SDN,1.22,-1.6118923704680213
1011,1985-04-30,1985,April,SDN,3.15,-0.17666384808550803
1012,1985-05-31,1985,May,SDN,15.04,-0.13712945708734722
1013,1985-06-30,1985,June,SDN,26.77,0.22159575263719333
1014,1985-07-31,1985,July,SDN,54.67,0.9037637400575529
1015,1985-08-31,1985,August,SDN,64.77,1.2310451062834484
1016,1985-09-30,1985,September,SDN,37.79,0.3652410481272058
1017,1985-10-31,1985,October,SDN,5.33,1.5436642602567836
1018,1985-11-30,1985,November,SDN,1.66,-0.6868356864598594
1019,1985-12-31,1985,December,SDN,0.69,-0.8566171039338065
1020,1986-01-31,1986,January,SDN,0.61,-1.5538204944308482
1021,1986-02-28,1986,February,SDN,0.12,0.31824320605755063
1022,1986-03-31,1986,March,SDN,0.39,0.3161966095951438
1023,1986-04-30,1986,April,SDN,0.75,1.0941605632107898
1024,1986-05-31,1986,May,SDN,1.49,1.9421325550051292
1025,1986-06-30,1986,June,SDN,22.9,0.6765330277804176
1026,1986-07-31,1986,July,SDN,64.38,0.18833384123595373
1027,1986-08-31,1986,August,SDN,56.73,1.6506069526754743
1028,1986-09-30,1986,September,SDN,44.9,-0.5016459386974061
1029,1986-10-31,1986,October,SDN,11.47,0.27764383181211116
1030,1986-11-30,1986,November,SDN,0.4,0.9988527996584625
1031,1986-12-31,1986,December,SDN,0.13,0.9629557789048993
1032,1987-01-31,1987,January,SDN,0.48,-0.9950277103111124
1033,1987-02-28,1987,February,SDN,0.16,-0.024807376864174797
1034,1987-03-31,1987,March,SDN,0.76,-0.5433129357342189
1035,1987-04-30,1987,April,SDN,0.69,1.1259311734931974
1036,1987-05-31,1987,May,SDN,16.99,-0.43635904554346
1037,1987-06-30,1987,June,SDN,26.07,0.30388414865793145
1038,1987-07-31,1987,July,SDN,38.96,2.0612718461839514
1039,1987-08-31,1987,August,SDN,61.44,1.404818856095071
1040,1987-09-30,1987,September,SDN,24.24,2.017325249459624
1041,1987-10-31,1987,October,SDN,12.76,0.011655826487416318
1042,1987-11-30,1987,November,SDN,0.41,0.9854743196099045
1043,1987-12-31,1987,December,SDN,0.3,0.41058543947172077
1044,1988-01-31,1988,January,SDN,0.15,0.42344628014667834
1045,1988-02-29,1988,February,SDN,0.09,0.5755311432488446
1046,1988-03-31,1988,March,SDN,0.76,-0.5433129357342189
1047,1988-04-30,1988,April,SDN,0.56,1.194767495771747
1048,1988-05-31,1988,May,SDN,10.29,0.5917631301775431
1049,1988-06-30,1988,June,SDN,26.75,0.22394684966635725
1050,1988-07-31,1988,July,SDN,64.36,0.18980743526030275
1051,1988-08-31,1988,August,SDN,114.89,-1.384432473463857
1052,1988-09-30,1988,September,SDN,55.55,-1.8001475434346939
1053,1988-10-31,1988,October,SDN,21.52,-1.7945883026942335
1054,1988-11-30,1988,November,SDN,0.32,1.1058806400469274
1055,1988-12-31,1988,December,SDN,0.07,1.1579100163519036
1056,1989-01-31,1989,January,SDN,0.08,0.7243347023649975
1057,1989-02-28,1989,February,SDN,0.12,0.31824320605755063
1058,1989-03-31,1989,March,SDN,0.78,-0.5897729111574278
1059,1989-04-30,1989,April,SDN,1.5,0.6970279346806968
1060,1989-05-31,1989,May,SDN,25.53,-1.7468311919102317
1061,1989-06-30,1989,June,SDN,31.18,-0.29682114229345746
1062,1989-07-31,1989,July,SDN,41.96,1.840232742531552
1063,1989-08-31,1989,August,SDN,69.3,0.9946501853685383
1064,1989-09-30,1989,September,SDN,40.4,0.04701671119158883
1065,1989-10-31,1989,October,SDN,13.36,-0.11205952482639524
1066,1989-11-30,1989,November,SDN,1.23,-0.1115610443718607
1067,1989-12-31,1989,December,SDN,0.12,0.9954481518127334
1068,1990-01-31,1990,January,SDN,0.21,0.16554191824526188
1069,1990-02-28,1990,February,SDN,0.07,0.7470564347097072
1070,1990-03-31,1990,March,SDN,0.16,0.850486326962045
1071,1990-04-30,1990,April,SDN,1.54,0.6758475278257585
1072,1990-05-31,1990,May,SDN,5.12,1.38510516726375
1073,1990-06-30,1990,June,SDN,14.24,1.6945580414084074
1074,1990-07-31,1990,July,SDN,56.27,0.7858762181096064
1075,1990-08-31,1990,August,SDN,38.27,2.6139293014810456
1076,1990-09-30,1990,September,SDN,31.37,1.1479997619688385
1077,1990-10-31,1990,October,SDN,7.78,1.0384932423920528
1078,1990-11-30,1990,November,SDN,0.62,0.704526238590184
1079,1990-12-31,1990,December,SDN,0.08,1.1254176434440695
1080,1991-01-31,1991,January,SDN,0.07,0.7673187626819004
1081,1991-02-28,1991,February,SDN,0.14,0.1467179145966878
1082,1991-03-31,1991,March,SDN,0.57,-0.10194316921373522
1083,1991-04-30,1991,April,SDN,6.41,-1.9028670067629796
1084,1991-05-31,1991,May,SDN,15.04,-0.13712945708734722
1085,1991-06-30,1991,June,SDN,23.34,0.6248088931388106
1086,1991-07-31,1991,July,SDN,63.94,0.2207529097716388
1087,1991-08-31,1991,August,SDN,76.02,0.6439716271901288
1088,1991-09-30,1991,September,SDN,31.9,1.083379494315246
1089,1991-10-31,1991,October,SDN,15.36,-0.5244440292057674
1090,1991-11-30,1991,November,SDN,0.57,0.7714186388329747
1091,1991-12-31,1991,December,SDN,0.12,0.9954481518127334
1092,1992-01-31,1992,January,SDN,0.13,0.5094144007804838
1093,1992-02-29,1992,February,SDN,0.1,0.4897684975184132
1094,1992-03-31,1992,March,SDN,0.2,0.7575663761156274
1095,1992-04-30,1992,April,SDN,2.08,0.3899120352840914
1096,1992-05-31,1992,May,SDN,7.6,1.0045465111759757
1097,1992-06-30,1992,June,SDN,24.0,0.5472226911764002
1098,1992-07-31,1992,July,SDN,57.32,0.7085125318312667
1099,1992-08-31,1992,August,SDN,95.93,-0.39501797003191574
1100,1992-09-30,1992,September,SDN,29.7,1.35161456759431
1101,1992-10-31,1992,October,SDN,13.28,-0.09556414465122035
1102,1992-11-30,1992,November,SDN,3.26,-2.827392494229157
1103,1992-12-31,1992,December,SDN,0.15,0.8979710330892312
1104,1993-01-31,1993,January,SDN,0.09,0.6813506420480948
1105,1993-02-28,1993,February,SDN,0.11,0.40400585178798193
1106,1993-03-31,1993,March,SDN,0.2,0.7575663761156274
1107,1993-04-30,1993,April,SDN,5.28,-1.3045205131109727
1108,1993-05-31,1993,May,SDN,26.58,-1.9079548164635227
1109,1993-06-30,1993,June,SDN,24.62,0.4743386832723177
1110,1993-07-31,1993,July,SDN,51.34,1.1491171451117161
1111,1993-08-31,1993,August,SDN,78.32,0.523947715908828
1112,1993-09-30,1993,September,SDN,38.49,0.2798935248111396
1113,1993-10-31,1993,October,SDN,9.99,0.5828083650528466
1114,1993-11-30,1993,November,SDN,1.18,-0.044668644129070074
1115,1993-12-31,1993,December,SDN,0.21,0.7030167956422271
1116,1994-01-31,1994,January,SDN,0.38,-0.565187107142085
1117,1994-02-28,1994,February,SDN,0.08,0.6612937889792759
1118,1994-03-31,1994,March,SDN,0.16,0.850486326962045
1119,1994-04-30,1994,April,SDN,1.2,0.8558809860927341
1120,1994-05-31,1994,May,SDN,20.59,-0.9887829011547455
1121,1994-06-30,1994,June,SDN,24.44,0.4954985565347932
1122,1994-07-31,1994,July,SDN,76.26,-0.6869810092275489
1123,1994-08-31,1994,August,SDN,106.48,-0.9455624326483176
1124,1994-09-30,1994,September,SDN,50.61,-1.1978378788898865
1125,1994-10-31,1994,October,SDN,11.45,0.28176767685590515
1126,1994-11-30,1994,November,SDN,1.01,0.18276551669641772
1127,1994-12-31,1994,December,SDN,0.24,0.6055396769187249
1128,1995-01-31,1995,January,SDN,1.06,-3.4881032086914723
1129,1995-02-28,1995,February,SDN,0.09,0.5755311432488446
1130,1995-03-31,1995,March,SDN,2.33,-4.19042100645611
1131,1995-04-30,1995,April,SDN,1.6,0.644076917543351
1132,1995-05-31,1995,May,SDN,11.77,0.36465554509290354
1133,1995-06-30,1995,June,SDN,31.83,-0.3732317957412856
1134,1995-07-31,1995,July,SDN,68.31,-0.10122738454869008
1135,1995-08-31,1995,August,SDN,77.48,0.5677825356811287
1136,1995-09-30,1995,September,SDN,40.45,0.040920459526155036
1137,1995-10-31,1995,October,SDN,12.34,0.09825657240708445
1138,1995-11-30,1995,November,SDN,1.24,-0.12493952442041882
1139,1995-12-31,1995,December,SDN,0.19,0.7680015414578951
1140,1996-01-31,1996,January,SDN,0.17,0.3374781595128728
1141,1996-02-29,1996,February,SDN,0.09,0.5755311432488446
1142,1996-03-31,1996,March,SDN,0.8,-0.6362328865806366
1143,1996-04-30,1996,April,SDN,1.55,0.6705524261120239
1144,1996-05-31,1996,May,SDN,16.8,-0.40720334205286474
1145,1996-06-30,1996,June,SDN,33.06,-0.517824263034869
1146,1996-07-31,1996,July,SDN,53.12,1.0179672769446262
1147,1996-08-31,1996,August,SDN,66.68,1.1313730756107154
1148,1996-09-30,1996,September,SDN,32.69,0.9870587180014002
1149,1996-10-31,1996,October,SDN,9.04,0.7786910046330485
1150,1996-11-30,1996,November,SDN,0.78,0.49047055781325427
1151,1996-12-31,1996,December,SDN,0.32,0.3456006936560526
1152,1997-01-31,1997,January,SDN,1.32,-4.605688776930943
1153,1997-02-28,1997,February,SDN,0.09,0.5755311432488446
1154,1997-03-31,1997,March,SDN,0.33,0.4555765358647702
1155,1997-04-30,1997,April,SDN,3.32,-0.26668057721899574
1156,1997-05-31,1997,May,SDN,11.03,0.47820933763522333
1157,1997-06-30,1997,June,SDN,28.96,-0.03584937205625924
1158,1997-07-31,1997,July,SDN,65.77,0.08591905654367527
1159,1997-08-31,1997,August,SDN,74.6,0.718073346329019
1160,1997-09-30,1997,September,SDN,29.92,1.3247910602664033
1161,1997-10-31,1997,October,SDN,12.57,0.05083235440345656
1162,1997-11-30,1997,November,SDN,1.52,-0.49953696578004597
1163,1997-12-31,1997,December,SDN,0.34,0.2806159478403845
1164,1998-01-31,1998,January,SDN,0.18,0.29449409919597014
1165,1998-02-28,1998,February,SDN,0.14,0.1467179145966878
1166,1998-03-31,1998,March,SDN,0.48,0.10712672019070428
1167,1998-04-30,1998,April,SDN,4.52,-0.9020927828671446
1168,1998-05-31,1998,May,SDN,12.01,0.3278272880521511
1169,1998-06-30,1998,June,SDN,14.85,1.622849582018907
1170,1998-07-31,1998,July,SDN,66.94,-0.0002861938807606574
1171,1998-08-31,1998,August,SDN,107.41,-0.994093840253365
1172,1998-09-30,1998,September,SDN,57.78,-2.0720403677130186
1173,1998-10-31,1998,October,SDN,17.37,-0.9388904561070366
1174,1998-11-30,1998,November,SDN,0.31,1.1192591200954856
1175,1998-12-31,1998,December,SDN,0.12,0.9954481518127334
1176,1999-01-31,1999,January,SDN,0.26,-0.04937838333925196
1177,1999-02-28,1999,February,SDN,0.09,0.5755311432488446
1178,1999-03-31,1999,March,SDN,0.21,0.734336388404023
1179,1999-04-30,1999,April,SDN,2.13,0.36343652671541865
1180,1999-05-31,1999,May,SDN,13.97,0.027063188886006784
1181,1999-06-30,1999,June,SDN,18.88,1.1491035306423714
1182,1999-07-31,1999,July,SDN,77.21,-0.7569767253841412
1183,1999-08-31,1999,August,SDN,111.9,-1.228401388798166
1184,1999-09-30,1999,September,SDN,55.18,-1.755035281110488
1185,1999-10-31,1999,October,SDN,25.55,-2.6255430790186685
1186,1999-11-30,1999,November,SDN,0.55,0.7981755989300908
1187,1999-12-31,1999,December,SDN,0.3,0.41058543947172077
1188,2000-01-31,2000,January,SDN,0.18,0.29449409919597014
1189,2000-02-29,2000,February,SDN,0.14,0.1467179145966878
1190,2000-03-31,2000,March,SDN,0.22,0.7111064006924187
1191,2000-04-30,2000,April,SDN,2.65,0.08809123760122073
1192,2000-05-31,2000,May,SDN,15.28,-0.17395771412809963
1193,2000-06-30,2000,June,SDN,21.39,0.8540408534822955
1194,2000-07-31,2000,July,SDN,65.14,0.13233726831067882
1195,2000-08-31,2000,August,SDN,72.48,0.8287040819448263
1196,2000-09-30,2000,September,SDN,43.79,-0.3663091517247874
1197,2000-10-31,2000,October,SDN,16.61,-0.7821843444428749
1198,2000-11-30,2000,November,SDN,1.18,-0.044668644129070074
1199,2000-12-31,2000,December,SDN,0.3,0.41058543947172077
1200,2001-01-31,2001,January,SDN,0.07,0.7673187626819004
1201,2001-02-28,2001,February,SDN,0.09,0.5755311432488446
1202,2001-03-31,2001,March,SDN,0.2,0.7575663761156274
1203,2001-04-30,2001,April,SDN,1.38,0.7605691552455117
1204,2001-05-31,2001,May,SDN,12.04,0.3232237559220572
1205,2001-06-30,2001,June,SDN,23.65,0.5883668891867695
1206,2001-07-31,2001,July,SDN,65.77,0.08591905654367527
1207,2001-08-31,2001,August,SDN,70.25,0.9450750915784356
1208,2001-09-30,2001,September,SDN,39.14,0.20064225316050716
1209,2001-10-31,2001,October,SDN,13.58,-0.1574218203081263
1210,2001-11-30,2001,November,SDN,1.35,-0.2721028049545582
1211,2001-12-31,2001,December,SDN,0.91,-1.5714493079061556
1212,2002-01-31,2002,January,SDN,0.07,0.7673187626819004
1213,2002-02-28,2002,February,SDN,0.15,0.06095526886625662
1214,2002-03-31,2002,March,SDN,0.51,0.03743675705589103
1215,2002-04-30,2002,April,SDN,0.67,1.1365213769206666
1216,2002-05-31,2002,May,SDN,10.07,0.6255223657982326
1217,2002-06-30,2002,June,SDN,21.29,0.8657963386281154
1218,2002-07-31,2002,July,SDN,58.4,0.6289384545164031
1219,2002-08-31,2002,August,SDN,72.68,0.8182672200942782
1220,2002-09-30,2002,September,SDN,37.43,0.4091340601183253
1221,2002-10-31,2002,October,SDN,16.96,-0.8543516327092653
1222,2002-11-30,2002,November,SDN,2.04,-1.1952179283050677
1223,2002-12-31,2002,December,SDN,0.11,1.0279405247205675
1224,2003-01-31,2003,January,SDN,0.07,0.7673187626819004
1225,2003-02-28,2003,February,SDN,0.1,0.4897684975184132
1226,2003-03-31,2003,March,SDN,0.29,0.5484964867111879
1227,2003-04-30,2003,April,SDN,1.92,0.47463366270384466
1228,2003-05-31,2003,May,SDN,12.34,0.27718843462111664
1229,2003-06-30,2003,June,SDN,33.42,-0.56014400955982
1230,2003-07-31,2003,July,SDN,82.68,-1.1600046910436839
1231,2003-08-31,2003,August,SDN,93.78,-0.28282170513852545
1232,2003-09-30,2003,September,SDN,36.02,0.5810483570835433
1233,2003-10-31,2003,October,SDN,10.24,0.5312603020054251
1234,2003-11-30,2003,November,SDN,0.37,1.0389882398041368
1235,2003-12-31,2003,December,SDN,0.14,0.9304634059970652
1236,2004-01-31,2004,January,SDN,0.07,0.7673187626819004
1237,2004-02-29,2004,February,SDN,0.09,0.5755311432488446
1238,2004-03-31,2004,March,SDN,0.2,0.7575663761156274
1239,2004-04-30,2004,April,SDN,4.17,-0.7167642228864347
1240,2004-05-31,2004,May,SDN,8.9,0.8050601188719003
1241,2004-06-30,2004,June,SDN,23.99,0.5483982396909824
1242,2004-07-31,2004,July,SDN,50.96,1.1771154315743535
1243,2004-08-31,2004,August,SDN,69.0,1.0103054781443601
1244,2004-09-30,2004,September,SDN,27.48,1.6222881415395474
1245,2004-10-31,2004,October,SDN,11.68,0.23434345885227728
1246,2004-11-30,2004,November,SDN,0.28,1.1593945602411597
1247,2004-12-31,2004,December,SDN,1.63,-3.9109001572702056
1248,2005-01-31,2005,January,SDN,0.07,0.7673187626819004
1249,2005-02-28,2005,February,SDN,0.09,0.5755311432488446
1250,2005-03-31,2005,March,SDN,0.23,0.6878764129808143
1251,2005-04-30,2005,April,SDN,1.99,0.4375679507077026
1252,2005-05-31,2005,May,SDN,18.17,-0.6174313093271596
1253,2005-06-30,2005,June,SDN,23.44,0.6130534079929907
1254,2005-07-31,2005,July,SDN,71.04,-0.30237296887237386
1255,2005-08-31,2005,August,SDN,91.08,-0.1419240701561286
1256,2005-09-30,2005,September,SDN,42.26,-0.179763850762529
1257,2005-10-31,2005,October,SDN,8.09,0.9745736442132502
1258,2005-11-30,2005,November,SDN,0.28,1.1593945602411597
1259,2005-12-31,2005,December,SDN,0.17,0.832986287273563
1260,2006-01-31,2006,January,SDN,0.07,0.7673187626819004
1261,2006-02-28,2006,February,SDN,0.09,0.5755311432488446
1262,2006-03-31,2006,March,SDN,0.22,0.7111064006924187
1263,2006-04-30,2006,April,SDN,0.61,1.168291987203074
1264,2006-05-31,2006,May,SDN,15.99,-0.28290797454032546
1265,2006-06-30,2006,June,SDN,30.63,-0.23216597399144878
1266,2006-07-31,2006,July,SDN,63.78,0.2325416619664332
1267,2006-08-31,2006,August,SDN,85.82,0.13256539651328159
1268,2006-09-30,2006,September,SDN,49.74,-1.0917630999113477
1269,2006-10-31,2006,October,SDN,14.34,-0.31412793197228767
1270,2006-11-30,2006,November,SDN,0.41,0.9854743196099045
1271,2006-12-31,2006,December,SDN,0.11,1.0279405247205675
1272,2007-01-31,2007,January,SDN,0.07,0.7673187626819004
1273,2007-02-28,2007,February,SDN,0.09,0.5755311432488446
1274,2007-03-31,2007,March,SDN,0.36,0.3858865727299571
1275,2007-04-30,2007,April,SDN,2.26,0.2946002044368692
1276,2007-05-31,2007,May,SDN,9.53,0.7083859441399255
1277,2007-06-30,2007,June,SDN,37.63,-1.0550499341988313
1278,2007-07-31,2007,July,SDN,96.26,-2.1605750335768787
1279,2007-08-31,2007,August,SDN,127.91,-2.0638721799345254
1280,2007-09-30,2007,September,SDN,28.58,1.4881706049000156
1281,2007-10-31,2007,October,SDN,7.08,1.1828278189248331
1282,2007-11-30,2007,November,SDN,1.21,-0.08480408427474445
1283,2007-12-31,2007,December,SDN,0.1,1.0604328976284014
1284,2008-01-31,2008,January,SDN,0.07,0.7673187626819004
1285,2008-02-29,2008,February,SDN,0.09,0.5755311432488446
1286,2008-03-31,2008,March,SDN,0.21,0.734336388404023
1287,2008-04-30,2008,April,SDN,8.97,-3.258413045479031
1288,2008-05-31,2008,May,SDN,8.61,0.8495609294628095
1289,2008-06-30,2008,June,SDN,30.66,-0.23569261953519482
1290,2008-07-31,2008,July,SDN,54.29,0.9317620265201904
1291,2008-08-31,2008,August,SDN,79.41,0.4670668188233418
1292,2008-09-30,2008,September,SDN,40.13,0.07993647018492804
1293,2008-10-31,2008,October,SDN,9.58,0.6673471884506179
1294,2008-11-30,2008,November,SDN,0.24,1.2129084804353922
1295,2008-12-31,2008,December,SDN,0.14,0.9304634059970652
1296,2009-01-31,2009,January,SDN,0.18,0.29449409919597014
1297,2009-02-28,2009,February,SDN,0.09,0.5755311432488446
1298,2009-03-31,2009,March,SDN,0.31,0.502036511287979
1299,2009-04-30,2009,April,SDN,1.95,0.45874835756264093
1300,2009-05-31,2009,May,SDN,5.48,1.3298627817026214
1301,2009-06-30,2009,June,SDN,14.62,1.6498871978542924
1302,2009-07-31,2009,July,SDN,70.94,-0.29500499875062663
1303,2009-08-31,2009,August,SDN,66.68,1.1313730756107154
1304,2009-09-30,2009,September,SDN,26.78,1.7076356648556132
1305,2009-10-31,2009,October,SDN,9.39,0.7065237163666581
1306,2009-11-30,2009,November,SDN,0.23,1.2262869604839504
1307,2009-12-31,2009,December,SDN,0.21,0.7030167956422271
1308,2010-01-31,2010,January,SDN,0.09,0.6813506420480948
1309,2010-02-28,2010,February,SDN,0.09,0.5755311432488446
1310,2010-03-31,2010,March,SDN,0.36,0.3858865727299571
1311,2010-04-30,2010,April,SDN,1.43,0.7340936466768389
1312,2010-05-31,2010,May,SDN,7.25,1.0582543860270728
1313,2010-06-30,2010,June,SDN,33.13,-0.5260531026369428
1314,2010-07-31,2010,July,SDN,81.96,-1.106955306167107
1315,2010-08-31,2010,August,SDN,74.92,0.701374367368142
1316,2010-09-30,2010,September,SDN,37.5,0.4005993077867187
1317,2010-10-31,2010,October,SDN,19.4,-1.3574607280520987
1318,2010-11-30,2010,November,SDN,1.86,-0.9544052874310218
1319,2010-12-31,2010,December,SDN,0.35,0.2481235749325506
1320,2011-01-31,2011,January,SDN,0.35,-0.4362349261913766
1321,2011-02-28,2011,February,SDN,0.09,0.5755311432488446
1322,2011-03-31,2011,March,SDN,0.36,0.3858865727299571
1323,2011-04-30,2011,April,SDN,1.25,0.8294054775240611
1324,2011-05-31,2011,May,SDN,21.31,-1.0992676722770023
1325,2011-06-30,2011,June,SDN,12.63,1.8838213522561054
1326,2011-07-31,2011,July,SDN,46.23,1.5256204183329705
1327,2011-08-31,2011,August,SDN,82.01,0.3313876147662186
1328,2011-09-30,2011,September,SDN,38.56,0.271358772479533
1329,2011-10-31,2011,October,SDN,12.16,0.13537117780122787
1330,2011-11-30,2011,November,SDN,1.2,-0.07142560422618632
1331,2011-12-31,2011,December,SDN,0.35,0.2481235749325506
1332,2012-01-31,2012,January,SDN,0.18,0.29449409919597014
1333,2012-02-29,2012,February,SDN,0.09,0.5755311432488446
1334,2012-03-31,2012,March,SDN,0.2,0.7575663761156274
1335,2012-04-30,2012,April,SDN,0.83,1.0517997495009133
1336,2012-05-31,2012,May,SDN,21.43,-1.1176818007973788
1337,2012-06-30,2012,June,SDN,29.13,-0.05583369680415259
1338,2012-07-31,2012,July,SDN,74.71,-0.5727774723404749
1339,2012-08-31,2012,August,SDN,103.92,-0.8119706009613042
1340,2012-09-30,2012,September,SDN,33.36,0.9053689456845941
1341,2012-10-31,2012,October,SDN,7.42,1.1127224531803397
1342,2012-11-30,2012,November,SDN,0.97,0.2362794368906502
1343,2012-12-31,2012,December,SDN,0.54,-0.36923151031629625
1344,2013-01-31,2013,January,SDN,0.22,0.12255785792835908
1345,2013-02-28,2013,February,SDN,0.09,0.5755311432488446
1346,2013-03-31,2013,March,SDN,0.2,0.7575663761156274
1347,2013-04-30,2013,April,SDN,3.2,-0.20313935665418104
1348,2013-05-31,2013,May,SDN,9.55,0.7053169227198626
1349,2013-06-30,2013,June,SDN,25.55,0.3650126714161941
1350,2013-07-31,2013,July,SDN,57.85,0.6694622901860094
1351,2013-08-31,2013,August,SDN,114.91,-1.3854761596489114
1352,2013-09-30,2013,September,SDN,39.95,0.1018829761804878
1353,2013-10-31,2013,October,SDN,12.41,0.08382311475380637
1354,2013-11-30,2013,November,SDN,0.26,1.186151520338276
1355,2013-12-31,2013,December,SDN,0.34,0.2806159478403845
1356,2014-01-31,2014,January,SDN,0.25,-0.006394323022349167
1357,2014-02-28,2014,February,SDN,0.09,0.5755311432488446
1358,2014-03-31,2014,March,SDN,0.81,-0.659462874292241
1359,2014-04-30,2014,April,SDN,5.1,-1.20920868226375
1360,2014-05-31,2014,May,SDN,16.17,-0.31052916732089
1361,2014-06-30,2014,June,SDN,29.59,-0.10990892847492352
1362,2014-07-31,2014,July,SDN,73.6,-0.49099300398908724
1363,2014-08-31,2014,August,SDN,99.94,-0.6042770501354008
1364,2014-09-30,2014,September,SDN,51.29,-1.280746901539779
1365,2014-10-31,2014,October,SDN,14.16,-0.2770133265781442
1366,2014-11-30,2014,November,SDN,0.78,0.49047055781325427
1367,2014-12-31,2014,December,SDN,0.37,0.18313882911688248
1368,2015-01-31,2015,January,SDN,0.07,0.7673187626819004
1369,2015-02-28,2015,February,SDN,0.09,0.5755311432488446
1370,2015-03-31,2015,March,SDN,0.34,0.43234654815316576
1371,2015-04-30,2015,April,SDN,2.63,0.09868144102868988
1372,2015-05-31,2015,May,SDN,13.21,0.1436860028483892
1373,2015-06-30,2015,June,SDN,22.26,0.7517681327136636
1374,2015-07-31,2015,July,SDN,44.57,1.6479287223539645
1375,2015-08-31,2015,August,SDN,88.76,-0.02085647268977324
1376,2015-09-30,2015,September,SDN,40.54,0.029947206528375587
1377,2015-10-31,2015,October,SDN,16.78,-0.8172370273151219
1378,2015-11-30,2015,November,SDN,0.34,1.0791236799498112
1379,2015-12-31,2015,December,SDN,1.19,-2.481235749325508
1380,2016-01-31,2016,January,SDN,0.25,-0.006394323022349167
1381,2016-02-29,2016,February,SDN,0.09,0.5755311432488446
1382,2016-03-31,2016,March,SDN,0.55,-0.055483193790526644
1383,2016-04-30,2016,April,SDN,1.67,0.607011205547209
1384,2016-05-31,2016,May,SDN,14.35,-0.03124821809518429
1385,2016-06-30,2016,June,SDN,32.36,-0.43553586701413044
1386,2016-07-31,2016,July,SDN,64.0,0.21633212769859064
1387,2016-08-31,2016,August,SDN,87.14,0.06368210829966503
1388,2016-09-30,2016,September,SDN,41.59,-0.09807407844572374
1389,2016-10-31,2016,October,SDN,11.78,0.21372423363330872
1390,2016-11-30,2016,November,SDN,1.11,0.04898071621083649
1391,2016-12-31,2016,December,SDN,0.57,-0.4667086290397981
1392,2017-01-31,2017,January,SDN,0.07,0.7673187626819004
1393,2017-02-28,2017,February,SDN,0.09,0.5755311432488446
1394,2017-03-31,2017,March,SDN,0.67,-0.3342430463297794
1395,2017-04-30,2017,April,SDN,2.86,-0.02310589838720533
1396,2017-05-31,2017,May,SDN,19.45,-0.8138486802111717
1397,2017-06-30,2017,June,SDN,35.01,-0.7470562233783535
1398,2017-07-31,2017,July,SDN,57.72,0.6790406513442803
1399,2017-08-31,2017,August,SDN,81.81,0.3418244766167666
1400,2017-09-30,2017,September,SDN,36.74,0.4932623331013043
1401,2017-10-31,2017,October,SDN,4.48,1.7189276746180167
1402,2017-11-30,2017,November,SDN,0.38,1.0256097597555787
1403,2017-12-31,2017,December,SDN,1.27,-2.741174732588181
1404,2018-01-31,2018,January,SDN,0.07,0.7673187626819004
1405,2018-02-28,2018,February,SDN,0.09,0.5755311432488446
1406,2018-03-31,2018,March,SDN,0.29,0.5484964867111879
1407,2018-04-30,2018,April,SDN,0.56,1.194767495771747
1408,2018-05-31,2018,May,SDN,19.3,-0.7908310195607018
1409,2018-06-30,2018,June,SDN,45.12,-1.9355357716207298
1410,2018-07-31,2018,July,SDN,80.14,-0.9728582499513185
1411,2018-08-31,2018,August,SDN,86.44,0.10021112477658284
1412,2018-09-30,2018,September,SDN,51.65,-1.3246399135308984
1413,2018-10-31,2018,October,SDN,25.68,-2.652348071803327
1414,2018-11-30,2018,November,SDN,1.7,-0.7403496066540919
1415,2018-12-31,2018,December,SDN,0.21,0.7030167956422271
1416,2019-01-31,2019,January,SDN,0.07,0.7673187626819004
1417,2019-02-28,2019,February,SDN,0.09,0.5755311432488446
1418,2019-03-31,2019,March,SDN,0.25,0.6414164375576055
1419,2019-04-30,2019,April,SDN,0.76,1.0888654614970554
1420,2019-05-31,2019,May,SDN,11.53,0.4014838021336559
1421,2019-06-30,2019,June,SDN,42.76,-1.6581063221793837
1422,2019-07-31,2019,July,SDN,59.77,0.5279972638484737
1423,2019-08-31,2019,August,SDN,108.85,-1.0692392455773096
1424,2019-09-30,2019,September,SDN,51.01,-1.2466078922133526
1425,2019-10-31,2019,October,SDN,31.68,-3.889501584941444
1426,2019-11-30,2019,November,SDN,1.75,-0.8072420068968825
1427,2019-12-31,2019,December,SDN,0.12,0.9954481518127334
1428,2020-01-31,2020,January,SDN,0.07,0.7673187626819004
1429,2020-02-29,2020,February,SDN,0.09,0.5755311432488446
1430,2020-03-31,2020,March,SDN,0.38,0.33942659730674823
1431,2020-04-30,2020,April,SDN,2.93,-0.06017161038334751
1432,2020-05-31,2020,May,SDN,11.7,0.375397120063123
1433,2020-06-30,2020,June,SDN,28.52,0.01587476258534779
1434,2020-07-31,2020,July,SDN,63.08,0.28411745281865997
1435,2020-08-31,2020,August,SDN,119.4,-1.6197837081937123
1436,2020-09-30,2020,September,SDN,46.55,-0.7028222436567041
1437,2020-10-31,2020,October,SDN,11.8,0.20960038858951474
1438,2020-11-30,2020,November,SDN,1.78,-0.8473774470425569
1439,2020-12-31,2020,December,SDN,0.11,1.0279405247205675
1440,2021-01-31,2021,January,SDN,0.25,-0.006394323022349167
1441,2021-02-28,2021,February,SDN,0.09,0.5755311432488446
1442,2021-03-31,2021,March,SDN,0.26,0.618186449846001
1443,2021-04-30,2021,April,SDN,3.3,-0.2560903737915266
1444,2021-05-31,2021,May,SDN,12.44,0.2618433275208032
1445,2021-06-30,2021,June,SDN,28.53,0.014699214070765635
1446,2021-07-31,2021,July,SDN,56.87,0.7416683973791269
1447,2021-08-31,2021,August,SDN,102.04,-0.7138640995661542
1448,2021-09-30,2021,September,SDN,48.49,-0.9393568082755158
1449,2021-10-31,2021,October,SDN,8.21,0.9498305739504876
1450,2021-11-30,2021,November,SDN,1.12,0.03560223616227837
1451,2021-12-31,2021,December,SDN,1.17,-2.41625100350984
